,Item_Identifier
0,FDW58
1,FDW14
2,NCN55
3,FDQ58
4,FDY38
5,FDH56
6,FDL48
7,FDC48
8,FDN33
9,FDA36
10,FDT44
11,FDQ56
12,NCC54
13,FDU11
14,DRL59
15,FDM24
16,FDI57
17,DRC12
18,NCM42
19,FDA46
20,FDA31
21,NCJ31
22,FDG52
23,NCL19
24,FDS10
25,FDX22
26,NCF19
27,NCE06
28,DRC27
29,FDE21
30,NCR42
31,FDX51
32,NCR06
33,FDU31
34,FDU59
35,FDR03
36,FDS49
37,FDD48
38,NCF18
39,NCD43
40,NCD54
41,FDY19
42,NCY54
43,NCL19
44,FDP23
45,FDC26
46,FDR14
47,NCS41
48,FDF41
49,FDU34
50,DRH11
51,FDM03
52,FDS31
53,FDJ20
54,FDV44
55,FDG02
56,FDA09
57,FDT04
58,FDL58
59,FDE52
60,FDW12
61,FDL51
62,NCY42
63,FDR07
64,FDN40
65,FDB35
66,FDA22
67,NCL06
68,FDI35
69,NCW42
70,NCX06
71,FDC37
72,FDZ14
73,DRG49
74,NCG06
75,DRC36
76,FDV21
77,FDB53
78,DRP47
79,FDA14
80,DRC24
81,FDW21
82,NCH29
83,FDU58
84,FDY27
85,FDV56
86,FDT59
87,FDB23
88,FDR49
89,FDB03
90,FDN39
91,FDX02
92,FDQ16
93,FDU35
94,NCT29
95,FDZ27
96,FDN57
97,FDA03
98,FDZ36
99,NCU05
100,FDT39
101,FDK60
102,FDZ25
103,FDG12
104,DRB01
105,NCC43
106,FDX13
107,FDM22
108,FDJ03
109,FDU14
110,FDB33
111,FDP27
112,FDO38
113,FDE28
114,FDO27
115,DRL23
116,FDS28
117,FDX24
118,FDZ02
119,FDL46
120,FDS60
121,NCO06
122,FDO16
123,FDC60
124,FDA48
125,FDZ36
126,FDK27
127,FDW23
128,FDM14
129,FDM14
130,FDW60
131,FDE21
132,NCM42
133,FDY59
134,DRI49
135,FDT28
136,FDQ22
137,FDR60
138,FDC50
139,FDV24
140,DRF48
141,FDQ47
142,DRN36
143,NCY06
144,FDE52
145,NCB54
146,NCF31
147,FDJ08
148,NCC07
149,NCD19
150,FDL46
151,FDM20
152,NCI06
153,DRM11
154,NCH07
155,FDS23
156,FDO49
157,FDS35
158,DRK39
159,DRI39
160,FDV04
161,NCN14
162,FDH08
163,FDS20
164,FDV40
165,FDZ48
166,FDS24
167,FDK44
168,FDS48
169,FDK26
170,FDD23
171,NCH54
172,NCP14
173,FDM60
174,FDV24
175,FDH08
176,FDS12
177,FDR39
178,FDP12
179,DRF60
180,FDC09
181,FDF50
182,FDG28
183,NCE19
184,NCM53
185,NCN18
186,FDF32
187,FDF11
188,DRI59
189,NCG54
190,FDM44
191,FDT57
192,FDV24
193,FDI50
194,FDS09
195,NCC31
196,FDQ07
197,FDC22
198,FDZ56
199,FDZ40
200,FDS46
201,DRD24
202,FDV45
203,FDL26
204,FDA56
205,FDN27
206,FDM20
207,FDO16
208,FDL03
209,FDE58
210,FDI02
211,NCC55
212,FDR03
213,FDB14
214,FDR45
215,NCN07
216,FDM51
217,FDT52
218,FDL26
219,NCZ42
220,DRI47
221,FDW40
222,FDN34
223,FDS01
224,NCG55
225,FDC11
226,FDX35
227,NCB06
228,FDR09
229,FDC53
230,FDY45
231,FDA22
232,FDE02
233,FDW21
234,FDV34
235,FDS59
236,NCW17
237,NCK54
238,FDG17
239,FDG35
240,FDD08
241,NCO07
242,FDJ10
243,FDW36
244,FDW21
245,FDY19
246,DRE03
247,NCC55
248,FDH52
249,FDO09
250,FDU43
251,FDX09
252,FDH40
253,FDW58
254,FDC47
255,NCR41
256,DRG49
257,FDC52
258,FDY13
259,FDY35
260,FDI35
261,NCU18
262,FDY33
263,FDC15
264,FDU01
265,NCU42
266,NCV29
267,NCY30
268,FDQ46
269,FDG58
270,FDK33
271,NCD07
272,NCX29
273,NCT42
274,DRN59
275,FDI44
276,FDA45
277,FDP31
278,FDY01
279,FDT09
280,DRH03
281,FDA36
282,NCF31
283,FDG14
284,FDG28
285,FDU14
286,FDY47
287,FDI56
288,DRD01
289,FDM22
290,FDH33
291,DRZ24
292,NCQ38
293,FDO16
294,FDU07
295,NCB07
296,FDU48
297,NCM43
298,FDR31
299,DRK49
300,NCI30
301,DRD60
302,NCG19
303,FDH12
304,FDM32
305,FDM27
306,NCU53
307,NCQ18
308,FDS10
309,FDB33
310,FDI12
311,NCW42
312,NCC06
313,FDW02
314,NCD43
315,FDM57
316,FDA58
317,FDK56
318,FDP52
319,FDW20
320,FDS52
321,NCT29
322,NCL54
323,FDC05
324,FDF34
325,FDP03
326,FDD32
327,FDZ10
328,FDZ40
329,FDD51
330,NCY30
331,FDP58
332,FDV49
333,FDY24
334,NCO55
335,FDR13
336,FDS51
337,FDP26
338,NCB54
339,FDF32
340,FDN31
341,DRM48
342,FDN20
343,DRL01
344,FDV56
345,DRH13
346,FDA03
347,FDF47
348,FDX32
349,FDX57
350,NCA30
351,FDO49
352,FDL04
353,DRM48
354,FDR16
355,NCC19
356,NCE42
357,FDY24
358,FDH19
359,FDJ46
360,FDN45
361,FDY08
362,FDZ37
363,NCT30
364,DRY23
365,NCZ30
366,FDC44
367,FDB45
368,FDY04
369,FDM27
370,FDZ43
371,FDT39
372,NCC06
373,FDL15
374,FDL57
375,FDU08
376,FDK40
377,FDQ12
378,FDS48
379,FDP09
380,FDW21
381,FDY25
382,DRE13
383,FDV43
384,FDD22
385,FDM46
386,NCO30
387,FDM25
388,NCN41
389,FDU24
390,FDZ50
391,FDP45
392,NCM54
393,FDW10
394,FDP20
395,FDK32
396,FDN52
397,FDM58
398,FDZ46
399,NCA18
400,FDD35
401,NCK31
402,FDI40
403,FDT50
404,NCT06
405,FDT31
406,FDT45
407,FDT13
408,FDO50
409,NCU18
410,NCR54
411,NCO18
412,FDU09
413,FDT13
414,FDE09
415,NCK53
416,FDG45
417,DRH15
418,FDO21
419,FDD14
420,FDC09
421,FDH45
422,FDV32
423,FDG12
424,FDS32
425,NCL55
426,DRE01
427,DRE15
428,NCL42
429,FDP31
430,FDN33
431,FDZ59
432,FDE45
433,FDJ07
434,FDQ45
435,FDM33
436,FDO15
437,FDM46
438,FDR03
439,FDY49
440,FDQ60
441,FDW10
442,FDO51
443,FDJ40
444,FDS20
445,FDU45
446,FDV02
447,FDN09
448,NCM55
449,FDN23
450,FDY31
451,FDW03
452,FDD14
453,FDV23
454,DRI03
455,FDN13
456,FDF45
457,FDU46
458,FDB57
459,FDV12
460,FDQ58
461,NCA18
462,FDH52
463,FDM24
464,NCP43
465,NCO18
466,FDM32
467,NCL07
468,FDK03
469,FDP59
470,FDQ24
471,FDQ16
472,FDU44
473,FDH28
474,FDV28
475,FDM22
476,FDR56
477,FDV39
478,FDU37
479,FDQ11
480,FDX02
481,NCS42
482,FDY57
483,FDB21
484,FDE28
485,FDQ55
486,FDA48
487,FDZ19
488,NCC43
489,NCV18
490,NCA42
491,FDY45
492,NCC30
493,FDM57
494,FDL09
495,FDB09
496,FDT44
497,NCT06
498,FDX26
499,FDK32
500,DRA12
501,FDO46
502,FDE52
503,NCH42
504,FDV08
505,FDB47
506,FDC28
507,FDD22
508,FDS07
509,DRI13
510,FDG32
511,FDU14
512,FDD28
513,NCP41
514,FDS08
515,FDX47
516,FDC53
517,FDQ19
518,FDL14
519,FDM33
520,FDA51
521,FDZ27
522,FDT04
523,DRC13
524,FDR16
525,FDQ03
526,FDE38
527,DRH23
528,FDT11
529,FDD09
530,FDR40
531,FDX07
532,FDR07
533,FDA51
534,FDT59
535,FDF20
536,FDR13
537,FDY26
538,FDW04
539,FDK52
540,FDN60
541,FDM09
542,FDP46
543,FDB50
544,NCQ29
545,FDP16
546,FDX33
547,FDP07
548,FDN22
549,FDF39
550,FDS21
551,NCM42
552,FDK50
553,DRF13
554,FDH35
555,FDP60
556,DRJ49
557,NCT42
558,FDE38
559,FDI04
560,NCH54
561,FDT56
562,DRD15
563,FDV58
564,FDP21
565,FDH05
566,FDR10
567,NCP06
568,FDF33
569,DRK37
570,DRH49
571,FDT58
572,FDD41
573,FDP40
574,FDM51
575,FDO45
576,FDW33
577,FDY24
578,FDB10
579,FDM40
580,NCI06
581,FDW12
582,FDX48
583,NCW05
584,FDX27
585,DRM37
586,FDA38
587,FDR36
588,FDZ45
589,FDG05
590,FDK28
591,FDV47
592,FDN21
593,FDP20
594,FDI35
595,DRY23
596,FDA56
597,FDB09
598,NCO26
599,FDQ49
600,FDI52
601,FDZ44
602,FDZ09
603,FDY03
604,NCG42
605,DRI13
606,FDQ32
607,FDW16
608,FDU27
609,FDR28
610,FDQ49
611,FDS37
612,FDW26
613,FDX12
614,NCP06
615,FDW45
616,NCN30
617,FDN24
618,NCL41
619,FDR02
620,FDD09
621,FDS33
622,FDU22
623,FDI53
624,DRH01
625,FDX32
626,NCP30
627,FDB60
628,FDB14
629,NCP02
630,FDJ10
631,FDG34
632,NCB18
633,FDM16
634,FDW25
635,FDB35
636,DRN11
637,FDF41
638,FDH16
639,NCQ50
640,DRH23
641,DRJ37
642,DRJ24
643,FDY16
644,FDQ27
645,FDZ33
646,FDF29
647,FDA08
648,FDG31
649,FDE34
650,NCR30
651,FDV33
652,DRZ24
653,NCL54
654,FDR12
655,NCC54
656,DRN59
657,FDX50
658,FDV31
659,NCA29
660,FDW60
661,FDX08
662,DRD49
663,FDD33
664,FDW35
665,FDJ36
666,FDV51
667,FDW36
668,FDH35
669,NCS30
670,FDN49
671,FDL08
672,FDI09
673,FDP19
674,FDU21
675,NCP41
676,FDY10
677,FDP12
678,NCN26
679,FDK44
680,FDC28
681,FDJ41
682,NCT29
683,NCH42
684,FDU60
685,FDS02
686,FDC51
687,FDU03
688,FDX39
689,NCY05
690,NCL06
691,FDD32
692,NCN41
693,NCX53
694,FDU57
695,FDQ23
696,FDQ52
697,FDC14
698,FDY09
699,FDQ28
700,FDV25
701,FDJ07
702,DRB25
703,FDK52
704,FDY52
705,FDB28
706,FDT36
707,FDV25
708,NCN07
709,FDC57
710,FDQ03
711,FDU23
712,NCX41
713,NCD06
714,FDW08
715,NCU29
716,NCE06
717,FDV52
718,FDB02
719,NCR18
720,FDK16
721,NCQ29
722,FDZ01
723,FDW27
724,FDD17
725,FDW39
726,DRH59
727,FDS52
728,FDU40
729,NCF54
730,FDH46
731,NCP14
732,FDH50
733,DRF15
734,FDV27
735,NCJ06
736,FDN02
737,FDQ51
738,FDQ07
739,FDS45
740,NCJ06
741,FDD36
742,FDY25
743,FDU52
744,DRK47
745,NCL30
746,FDN22
747,NCF30
748,FDK03
749,FDT45
750,NCC54
751,FDP08
752,FDU44
753,DRG39
754,FDU32
755,FDY27
756,NCP54
757,NCZ41
758,DRL49
759,FDI05
760,FDY56
761,DRC13
762,NCV29
763,FDR24
764,FDZ34
765,FDP37
766,FDX08
767,FDS57
768,NCG18
769,FDK25
770,FDH53
771,DRI59
772,FDA52
773,FDT20
774,FDE36
775,FDI24
776,FDB28
777,FDV11
778,FDP01
779,FDD34
780,FDJ50
781,FDZ44
782,DRO59
783,DRB48
784,FDR21
785,NCE42
786,FDO23
787,NCE30
788,FDQ22
789,FDY01
790,FDS08
791,FDG28
792,FDQ51
793,FDB05
794,FDO56
795,FDE02
796,FDN45
797,FDS09
798,NCA54
799,FDP09
800,FDC53
801,NCM55
802,FDL09
803,FDA11
804,FDA50
805,FDC23
806,FDE22
807,FDD23
808,NCA29
809,FDK38
810,DRC13
811,NCP43
812,FDX28
813,FDF08
814,FDZ33
815,FDD10
816,FDO58
817,FDI50
818,FDO58
819,FDX08
820,NCK17
821,FDF39
822,FDU45
823,NCJ18
824,DRC27
825,DRC25
826,FDU59
827,FDU28
828,NCP30
829,FDB39
830,FDE41
831,DRH11
832,FDA58
833,FDU50
834,FDM34
835,FDM44
836,FDR39
837,FDM25
838,FDQ49
839,DRH25
840,FDM09
841,FDL44
842,NCR42
843,DRL59
844,FDX43
845,DRK47
846,FDU48
847,FDY12
848,NCN43
849,NCM55
850,FDQ21
851,FDX13
852,NCK30
853,FDG20
854,DRG27
855,FDY14
856,FDP59
857,FDU60
858,NCC18
859,DRJ39
860,FDS07
861,FDM08
862,FDP51
863,FDU16
864,FDH12
865,DRE48
866,NCL42
867,FDR21
868,NCW29
869,FDO11
870,NCM31
871,FDV35
872,FDF58
873,NCE43
874,FDA02
875,DRL37
876,FDR24
877,FDW59
878,FDS22
879,FDW24
880,FDU24
881,FDA21
882,FDH58
883,FDW36
884,FDI45
885,FDU01
886,FDF35
887,FDU43
888,FDE24
889,FDK50
890,FDG31
891,FDC60
892,FDL36
893,FDP21
894,FDW16
895,FDX02
896,FDQ58
897,FDT51
898,FDD59
899,NCM42
900,FDA57
901,FDZ48
902,FDE46
903,NCZ30
904,FDB56
905,FDA25
906,FDD20
907,FDL25
908,NCO18
909,FDJ45
910,FDR12
911,NCF19
912,FDK25
913,NCR17
914,FDC52
915,NCA54
916,FDR45
917,NCM19
918,FDF39
919,FDX23
920,FDD58
921,FDX28
922,NCD31
923,FDU57
924,FDI27
925,NCM42
926,FDD32
927,FDI34
928,NCM29
929,FDG46
930,DRC01
931,FDB15
932,NCA17
933,FDF10
934,FDR26
935,FDI02
936,NCM54
937,FDF14
938,FDJ33
939,FDM20
940,FDC03
941,NCX05
942,NCM41
943,NCU29
944,FDQ59
945,FDH46
946,FDH09
947,NCD06
948,FDC15
949,DRD37
950,FDT28
951,FDR28
952,FDT38
953,FDV34
954,FDY52
955,FDB34
956,DRL23
957,DRB24
958,FDJ50
959,FDQ49
960,FDP20
961,FDV19
962,NCR54
963,FDO09
964,FDS57
965,FDN10
966,FDV23
967,FDY28
968,DRG51
969,FDD45
970,NCL18
971,NCM29
972,FDF17
973,FDE22
974,FDQ22
975,FDS01
976,FDW35
977,FDJ33
978,NCF54
979,FDE09
980,NCE06
981,DRH49
982,FDY43
983,NCT05
984,FDZ34
985,FDL38
986,FDZ31
987,FDR14
988,NCN54
989,NCC42
990,FDK08
991,FDP59
992,FDV22
993,FDD33
994,DRE60
995,FDK52
996,FDA02
997,FDM56
998,FDE57
999,FDM32
1000,NCQ30
1001,FDQ27
1002,FDT60
1003,FDU43
1004,NCO55
1005,FDG02
1006,FDJ28
1007,FDP40
1008,FDJ38
1009,NCC54
1010,NCZ41
1011,FDK38
1012,FDU52
1013,FDC40
1014,NCR30
1015,NCN18
1016,FDB50
1017,FDG04
1018,FDR26
1019,NCT17
1020,FDX35
1021,FDS12
1022,NCZ29
1023,FDB38
1024,FDP12
1025,FDP22
1026,FDS26
1027,FDR52
1028,DRJ13
1029,FDU48
1030,FDE29
1031,NCT29
1032,DRK37
1033,FDK55
1034,FDR07
1035,FDO21
1036,FDK46
1037,FDB12
1038,FDT31
1039,FDJ33
1040,FDC26
1041,NCQ02
1042,FDP08
1043,FDB11
1044,FDV55
1045,FDW20
1046,NCJ18
1047,FDC41
1048,FDE14
1049,FDG35
1050,FDF45
1051,FDS19
1052,FDS58
1053,FDA26
1054,FDM32
1055,FDL45
1056,FDZ55
1057,FDY37
1058,FDO46
1059,FDQ60
1060,FDA19
1061,FDL15
1062,FDM10
1063,NCL05
1064,DRK49
1065,NCE18
1066,FDG40
1067,DRI59
1068,FDK28
1069,NCD06
1070,FDO11
1071,FDK27
1072,FDT43
1073,FDD38
1074,FDA16
1075,FDL14
1076,NCM17
1077,FDD20
1078,FDA40
1079,FDL43
1080,FDV15
1081,FDE52
1082,NCL17
1083,NCJ31
1084,FDR60
1085,NCA18
1086,FDS21
1087,FDW09
1088,FDL26
1089,FDS47
1090,FDC39
1091,FDT51
1092,FDK40
1093,NCG19
1094,FDZ07
1095,FDF08
1096,FDO04
1097,FDK41
1098,FDP15
1099,NCD43
1100,NCP18
1101,FDZ51
1102,DRH13
1103,FDF38
1104,NCI43
1105,FDM38
1106,FDS03
1107,DRJ47
1108,FDT50
1109,FDV02
1110,NCG18
1111,FDW52
1112,FDS40
1113,FDN31
1114,FDA37
1115,FDA15
1116,FDL39
1117,FDJ53
1118,FDX22
1119,NCZ42
1120,FDD56
1121,FDD40
1122,FDS50
1123,NCN14
1124,FDT15
1125,NCS18
1126,NCO26
1127,FDF58
1128,NCB19
1129,FDH26
1130,DRB24
1131,FDA49
1132,FDB32
1133,FDI36
1134,NCA17
1135,FDH22
1136,NCM26
1137,FDT15
1138,FDB16
1139,NCP54
1140,FDJ36
1141,FDO28
1142,FDU09
1143,FDF29
1144,FDY08
1145,DRJ59
1146,FDT23
1147,FDU15
1148,FDT47
1149,FDI53
1150,FDR59
1151,FDD53
1152,FDY51
1153,FDT04
1154,FDU51
1155,FDG14
1156,NCU06
1157,DRG25
1158,DRH49
1159,FDN15
1160,FDL43
1161,NCT18
1162,NCB31
1163,FDK57
1164,FDY04
1165,NCP54
1166,FDF41
1167,FDM01
1168,FDW03
1169,FDF28
1170,FDY37
1171,FDQ03
1172,FDP51
1173,FDJ40
1174,FDC32
1175,DRI49
1176,NCW54
1177,FDF09
1178,FDP45
1179,DRJ23
1180,FDS59
1181,FDY08
1182,FDX16
1183,FDY16
1184,FDK32
1185,FDQ22
1186,NCC31
1187,FDG58
1188,DRF48
1189,DRH36
1190,NCR30
1191,FDB03
1192,FDZ28
1193,FDR35
1194,DRD15
1195,FDJ33
1196,FDA56
1197,FDP56
1198,NCT30
1199,FDK15
1200,FDH44
1201,FDV01
1202,DRG03
1203,FDG50
1204,FDR16
1205,FDZ60
1206,DRG03
1207,FDS56
1208,FDU33
1209,DRD27
1210,FDW22
1211,DRA24
1212,FDF38
1213,FDX48
1214,FDS58
1215,FDC32
1216,NCQ29
1217,DRK39
1218,NCS38
1219,DRO47
1220,DRG27
1221,FDC57
1222,FDS55
1223,NCJ06
1224,FDO01
1225,NCM55
1226,FDC52
1227,FDQ15
1228,NCT30
1229,NCR42
1230,FDD28
1231,FDQ34
1232,FDZ12
1233,DRE13
1234,NCN07
1235,FDM28
1236,FDI10
1237,FDQ25
1238,FDA38
1239,DRI13
1240,FDY20
1241,NCZ53
1242,NCM31
1243,DRB01
1244,DRF37
1245,NCF42
1246,FDF16
1247,FDB41
1248,FDR34
1249,FDR15
1250,NCV42
1251,FDW51
1252,FDU36
1253,FDX60
1254,FDY03
1255,FDW55
1256,FDT01
1257,FDG58
1258,FDK21
1259,NCS41
1260,FDS10
1261,NCT53
1262,FDJ28
1263,FDX44
1264,FDT20
1265,FDO44
1266,NCX17
1267,FDY01
1268,FDJ12
1269,DRK35
1270,FDD47
1271,NCM53
1272,FDO45
1273,NCM42
1274,FDE04
1275,NCI30
1276,FDZ19
1277,FDW57
1278,FDA25
1279,FDT22
1280,FDP51
1281,FDD48
1282,FDY39
1283,FDO48
1284,FDD23
1285,DRN35
1286,FDT01
1287,FDC20
1288,DRJ35
1289,FDB32
1290,FDL24
1291,NCV42
1292,FDZ46
1293,FDC15
1294,FDD08
1295,FDY50
1296,FDD36
1297,FDG57
1298,FDL21
1299,FDN16
1300,FDJ09
1301,FDS01
1302,FDV33
1303,DRE12
1304,FDR07
1305,FDP48
1306,NCB55
1307,FDQ08
1308,FDR34
1309,FDO33
1310,FDP13
1311,FDX12
1312,NCT06
1313,FDR16
1314,FDE36
1315,FDZ36
1316,FDV13
1317,NCZ17
1318,FDU56
1319,FDM09
1320,FDV02
1321,FDS34
1322,FDA11
1323,FDP09
1324,FDB29
1325,FDT19
1326,DRH15
1327,FDY38
1328,FDF14
1329,FDN48
1330,FDQ12
1331,NCJ43
1332,FDE17
1333,FDB05
1334,FDH10
1335,NCR06
1336,FDU32
1337,FDD56
1338,FDO36
1339,FDH16
1340,FDX10
1341,FDZ37
1342,FDU31
1343,DRC49
1344,FDL15
1345,FDN32
1346,DRH59
1347,NCU29
1348,FDR37
1349,FDS14
1350,FDU02
1351,FDJ08
1352,NCZ06
1353,FDO31
1354,FDH31
1355,FDS58
1356,NCA53
1357,FDF50
1358,NCW42
1359,NCQ17
1360,FDK51
1361,NCW41
1362,NCR29
1363,FDB08
1364,FDA40
1365,FDL14
1366,FDB47
1367,FDO03
1368,DRK13
1369,FDX13
1370,FDF52
1371,FDT11
1372,FDB08
1373,FDQ28
1374,FDD29
1375,NCQ29
1376,NCO02
1377,FDR56
1378,NCM54
1379,FDP51
1380,FDT38
1381,FDZ20
1382,FDJ53
1383,FDX13
1384,FDP58
1385,NCK31
1386,FDA35
1387,FDV37
1388,NCO07
1389,FDA20
1390,FDZ59
1391,NCY17
1392,FDQ28
1393,FDV35
1394,FDQ36
1395,FDD34
1396,FDK51
1397,FDV31
1398,FDR04
1399,FDR14
1400,DRC36
1401,FDE39
1402,FDP57
1403,FDE57
1404,NCN18
1405,NCQ05
1406,FDW47
1407,FDV46
1408,NCP29
1409,FDE09
1410,NCU06
1411,FDT19
1412,DRF15
1413,DRI51
1414,NCX54
1415,DRE01
1416,NCB07
1417,FDU50
1418,FDG40
1419,FDW10
1420,FDX51
1421,NCP17
1422,FDP21
1423,FDL04
1424,FDV23
1425,FDF24
1426,FDH56
1427,FDB51
1428,FDI58
1429,FDR20
1430,FDC51
1431,FDB16
1432,FDE40
1433,NCM17
1434,FDU56
1435,FDS32
1436,FDX02
1437,FDT39
1438,FDE35
1439,NCI42
1440,DRL23
1441,FDA10
1442,FDA11
1443,NCM06
1444,NCT05
1445,NCQ02
1446,NCY06
1447,FDY56
1448,FDL02
1449,NCI06
1450,FDQ14
1451,FDQ12
1452,FDP36
1453,FDK21
1454,FDO40
1455,NCK54
1456,FDY09
1457,NCW30
1458,NCC55
1459,FDE58
1460,FDR39
1461,FDU28
1462,FDH08
1463,FDG35
1464,FDG22
1465,FDC34
1466,FDP15
1467,FDK34
1468,FDU45
1469,FDQ04
1470,FDX22
1471,FDB45
1472,NCH43
1473,DRE60
1474,FDD17
1475,NCM54
1476,NCH55
1477,NCT06
1478,FDA48
1479,FDY58
1480,FDO25
1481,FDN50
1482,FDH35
1483,FDK09
1484,FDO16
1485,FDW11
1486,FDU47
1487,NCQ42
1488,FDK55
1489,FDN08
1490,FDT57
1491,FDJ12
1492,DRL59
1493,NCN53
1494,FDO51
1495,FDK56
1496,FDY12
1497,FDU15
1498,FDQ19
1499,DRF15
1500,DRE25
1501,FDK57
1502,FDD33
1503,FDR34
1504,FDU04
1505,FDE35
1506,NCD31
1507,FDJ56
1508,NCU53
1509,FDD39
1510,NCU17
1511,FDJ20
1512,NCW41
1513,FDL52
1514,FDS39
1515,DRJ47
1516,FDP13
1517,DRK39
1518,FDF28
1519,FDB09
1520,FDM51
1521,DRM49
1522,DRF23
1523,DRH01
1524,FDH12
1525,FDA28
1526,FDW37
1527,FDF02
1528,DRL37
1529,NCF43
1530,FDH08
1531,FDR34
1532,NCK19
1533,NCD55
1534,FDT27
1535,FDQ57
1536,FDA47
1537,DRG15
1538,FDE05
1539,FDN46
1540,FDX27
1541,FDT51
1542,FDU33
1543,FDJ16
1544,FDD20
1545,FDT36
1546,DRF15
1547,FDN52
1548,FDC22
1549,FDX15
1550,FDT13
1551,FDU04
1552,FDU31
1553,FDW59
1554,NCO29
1555,FDL15
1556,FDI41
1557,FDQ48
1558,DRI39
1559,FDI08
1560,FDC21
1561,FDF58
1562,FDS08
1563,FDE47
1564,NCP18
1565,NCR41
1566,FDA27
1567,FDA43
1568,FDA49
1569,NCE55
1570,DRM49
1571,FDF22
1572,FDQ15
1573,NCS54
1574,NCY05
1575,FDR45
1576,FDK57
1577,FDF41
1578,FDV21
1579,FDD51
1580,FDF33
1581,FDA38
1582,FDR56
1583,NCN41
1584,FDC60
1585,FDB47
1586,DRH01
1587,FDW08
1588,FDF38
1589,FDY32
1590,FDG34
1591,FDG47
1592,NCF18
1593,FDL39
1594,NCH55
1595,DRJ35
1596,FDS44
1597,DRE01
1598,FDY39
1599,FDY32
1600,FDR33
1601,NCP50
1602,FDZ47
1603,FDU57
1604,FDY44
1605,DRH59
1606,FDB03
1607,FDY46
1608,FDM39
1609,FDY36
1610,NCM55
1611,FDJ50
1612,DRL60
1613,NCJ54
1614,FDX59
1615,FDI07
1616,DRF51
1617,FDM14
1618,FDP21
1619,FDE40
1620,FDE05
1621,FDM13
1622,FDC34
1623,NCI55
1624,NCE43
1625,FDW58
1626,FDG60
1627,FDV31
1628,FDR47
1629,FDM60
1630,NCF06
1631,NCN26
1632,FDQ59
1633,FDF09
1634,NCS06
1635,FDT44
1636,FDI19
1637,FDT22
1638,NCF54
1639,DRG25
1640,FDB59
1641,FDQ37
1642,FDP56
1643,FDW44
1644,FDJ26
1645,FDU43
1646,FDW33
1647,NCX53
1648,FDN56
1649,DRF15
1650,FDO33
1651,FDZ39
1652,NCJ19
1653,FDU01
1654,FDT12
1655,NCM18
1656,FDP19
1657,NCR42
1658,FDN10
1659,FDG44
1660,FDQ10
1661,DRH13
1662,FDT52
1663,FDM56
1664,NCO43
1665,NCV29
1666,NCF06
1667,FDO50
1668,FDT59
1669,FDX40
1670,FDE50
1671,FDX51
1672,NCD30
1673,FDK15
1674,FDL12
1675,FDK46
1676,DRH49
1677,FDQ57
1678,FDY59
1679,FDO09
1680,NCG30
1681,FDM09
1682,NCN17
1683,NCS42
1684,FDD02
1685,FDE34
1686,FDU38
1687,FDB33
1688,NCJ29
1689,FDZ27
1690,FDI40
1691,FDG22
1692,FDT51
1693,FDF20
1694,FDV50
1695,FDT02
1696,DRC49
1697,FDF26
1698,FDV52
1699,FDX59
1700,FDV25
1701,FDW23
1702,FDE53
1703,FDA19
1704,FDH22
1705,NCO41
1706,FDX12
1707,FDF17
1708,FDS11
1709,FDR51
1710,FDT49
1711,FDC56
1712,FDR13
1713,FDQ60
1714,FDN38
1715,NCL29
1716,FDO13
1717,FDE26
1718,FDA31
1719,FDX14
1720,FDA34
1721,FDF26
1722,FDE38
1723,DRI11
1724,FDQ60
1725,FDL21
1726,DRC12
1727,FDC47
1728,FDE57
1729,FDT14
1730,NCZ53
1731,FDE28
1732,FDR19
1733,NCF54
1734,FDZ08
1735,NCJ05
1736,FDF59
1737,NCO05
1738,FDW24
1739,NCX42
1740,NCA53
1741,FDI45
1742,FDG46
1743,FDM20
1744,FDW11
1745,FDX08
1746,NCK17
1747,FDK32
1748,NCA42
1749,DRI01
1750,NCL55
1751,DRE25
1752,FDD14
1753,FDB10
1754,DRN11
1755,FDP38
1756,NCA30
1757,FDT15
1758,NCP55
1759,FDF12
1760,FDM21
1761,FDX56
1762,FDF10
1763,FDT32
1764,FDM51
1765,NCR50
1766,FDI19
1767,FDX21
1768,FDR31
1769,FDY02
1770,NCA29
1771,NCX17
1772,FDM12
1773,FDI53
1774,NCU30
1775,FDC56
1776,FDK27
1777,NCK18
1778,FDB52
1779,DRG25
1780,FDZ13
1781,FDB57
1782,FDR40
1783,NCO14
1784,NCN19
1785,FDQ28
1786,FDO13
1787,FDK48
1788,FDU07
1789,FDW20
1790,FDV12
1791,FDH24
1792,FDV59
1793,FDK57
1794,FDL16
1795,NCQ17
1796,FDJ15
1797,FDX24
1798,FDT47
1799,FDT10
1800,FDZ37
1801,FDW43
1802,DRN36
1803,FDJ14
1804,FDA32
1805,FDJ38
1806,FDQ57
1807,NCQ41
1808,FDG56
1809,DRC13
1810,FDV55
1811,FDQ49
1812,FDE29
1813,FDR03
1814,FDD45
1815,FDN38
1816,FDT56
1817,FDT48
1818,FDU03
1819,FDC56
1820,NCO43
1821,FDQ27
1822,FDR03
1823,DRH23
1824,FDG22
1825,NCJ42
1826,FDR24
1827,FDW60
1828,FDJ08
1829,DRL59
1830,FDG60
1831,FDW27
1832,FDX14
1833,FDC20
1834,NCS29
1835,FDJ56
1836,FDB20
1837,FDL28
1838,FDW01
1839,FDL03
1840,FDX22
1841,FDJ21
1842,FDR31
1843,FDG21
1844,FDS22
1845,FDK08
1846,FDE17
1847,NCN30
1848,FDT50
1849,NCX42
1850,FDJ12
1851,NCA18
1852,FDP23
1853,FDX12
1854,FDN40
1855,FDV48
1856,NCY54
1857,FDL16
1858,FDR45
1859,FDJ52
1860,DRG01
1861,FDP52
1862,FDU58
1863,FDL02
1864,FDG28
1865,FDA19
1866,FDW46
1867,NCD43
1868,DRG39
1869,NCF55
1870,FDJ07
1871,FDE08
1872,FDP56
1873,FDT45
1874,FDF17
1875,FDX44
1876,FDM28
1877,FDI36
1878,FDS07
1879,FDD36
1880,FDW11
1881,FDN40
1882,NCQ18
1883,NCQ54
1884,NCS42
1885,DRH39
1886,FDC09
1887,FDT08
1888,FDC08
1889,FDT20
1890,FDS35
1891,FDX58
1892,FDW58
1893,DRD27
1894,FDH32
1895,FDS26
1896,FDQ31
1897,FDP11
1898,FDD58
1899,FDM33
1900,FDZ16
1901,NCS29
1902,NCM18
1903,FDP11
1904,NCC42
1905,DRM23
1906,NCN55
1907,FDK46
1908,FDR01
1909,NCA05
1910,NCP43
1911,FDR12
1912,FDQ01
1913,FDM13
1914,FDQ19
1915,FDK56
1916,NCX06
1917,FDO56
1918,FDU45
1919,FDI16
1920,FDL32
1921,FDA07
1922,FDA14
1923,FDV46
1924,NCO07
1925,NCP41
1926,FDY60
1927,FDN38
1928,FDO15
1929,FDT60
1930,FDA55
1931,FDE02
1932,DRJ39
1933,FDV34
1934,FDS20
1935,FDF02
1936,FDW40
1937,NCB43
1938,FDR58
1939,DRJ59
1940,NCD30
1941,FDE14
1942,FDC28
1943,FDU16
1944,NCD19
1945,FDU21
1946,FDV59
1947,FDU03
1948,FDC33
1949,NCR42
1950,DRH59
1951,NCM31
1952,FDS50
1953,FDP39
1954,FDQ55
1955,FDV36
1956,FDI05
1957,FDS45
1958,FDA39
1959,FDC37
1960,FDJ60
1961,DRQ35
1962,NCJ06
1963,NCY42
1964,DRM37
1965,FDR14
1966,FDE51
1967,FDT33
1968,FDR08
1969,FDE36
1970,FDL22
1971,FDR44
1972,FDI56
1973,FDE47
1974,FDV27
1975,FDV10
1976,FDC40
1977,NCX41
1978,NCQ38
1979,FDV12
1980,FDE52
1981,FDG20
1982,FDV16
1983,FDI32
1984,FDJ32
1985,FDN39
1986,FDY34
1987,FDC14
1988,FDA55
1989,FDZ50
1990,DRG13
1991,FDP01
1992,NCG54
1993,FDM13
1994,NCO18
1995,NCW41
1996,FDM52
1997,NCF55
1998,FDT09
1999,NCM19
2000,FDW12
2001,FDP15
2002,FDK36
2003,FDZ25
2004,NCW06
2005,FDW60
2006,DRC49
2007,NCT17
2008,NCN06
2009,FDC45
2010,DRJ47
2011,NCF06
2012,FDE21
2013,DRG27
2014,FDW40
2015,NCO53
2016,FDE23
2017,FDQ16
2018,FDS26
2019,FDZ13
2020,FDS14
2021,FDC10
2022,FDY16
2023,FDJ20
2024,FDV43
2025,FDZ32
2026,FDR23
2027,FDN24
2028,FDE34
2029,FDU31
2030,FDW33
2031,FDU26
2032,FDE20
2033,NCW05
2034,FDB22
2035,FDO56
2036,FDA19
2037,DRI39
2038,FDH52
2039,FDZ50
2040,NCN42
2041,FDB53
2042,DRG11
2043,DRK11
2044,FDQ60
2045,FDT36
2046,DRG25
2047,DRJ23
2048,FDG05
2049,NCK06
2050,FDU52
2051,FDW07
2052,NCM17
2053,FDA22
2054,NCA41
2055,FDF38
2056,FDH52
2057,FDY58
2058,FDZ16
2059,NCM18
2060,FDA22
2061,NCJ43
2062,FDI34
2063,FDG56
2064,FDS34
2065,DRC01
2066,FDQ04
2067,FDK04
2068,FDT51
2069,FDV26
2070,FDS04
2071,FDW43
2072,FDQ28
2073,NCK06
2074,FDS23
2075,FDZ36
2076,FDE56
2077,FDW10
2078,NCN14
2079,NCQ18
2080,FDW08
2081,FDU43
2082,FDR33
2083,FDM24
2084,NCZ05
2085,NCV41
2086,FDV11
2087,NCY05
2088,FDV44
2089,FDW32
2090,NCU18
2091,NCC43
2092,FDW19
2093,FDN31
2094,FDI48
2095,FDS24
2096,FDF46
2097,DRG23
2098,FDG14
2099,NCY30
2100,FDO28
2101,DRD24
2102,FDI33
2103,FDN32
2104,FDR16
2105,FDF26
2106,NCN29
2107,FDE20
2108,FDA46
2109,FDU28
2110,FDQ48
2111,FDV36
2112,FDR14
2113,FDP23
2114,FDP56
2115,FDK48
2116,FDR48
2117,NCY29
2118,FDM22
2119,DRJ01
2120,FDZ43
2121,FDV03
2122,FDX11
2123,NCA41
2124,FDE38
2125,FDI27
2126,FDN32
2127,NCN43
2128,FDB47
2129,FDV03
2130,NCN30
2131,NCV54
2132,FDV07
2133,FDP07
2134,FDK48
2135,FDM15
2136,FDY19
2137,FDK46
2138,FDY11
2139,FDH09
2140,FDO08
2141,FDU14
2142,FDD22
2143,FDM27
2144,FDL02
2145,NCA17
2146,FDE38
2147,NCG07
2148,DRC27
2149,FDA27
2150,FDW40
2151,DRI11
2152,FDN50
2153,FDR12
2154,FDT34
2155,FDW11
2156,NCO30
2157,FDZ34
2158,FDU45
2159,NCD42
2160,FDX25
2161,NCR29
2162,FDX43
2163,FDB04
2164,FDR49
2165,FDS39
2166,FDW58
2167,FDG22
2168,FDG31
2169,NCV53
2170,DRJ37
2171,FDV07
2172,FDW52
2173,FDT15
2174,FDD02
2175,FDM16
2176,NCE55
2177,FDB57
2178,FDQ04
2179,FDQ47
2180,FDY14
2181,DRK37
2182,FDO25
2183,FDL57
2184,NCK29
2185,FDK46
2186,NCB43
2187,DRE01
2188,FDC46
2189,FDQ23
2190,FDX38
2191,FDG60
2192,FDW55
2193,FDP39
2194,FDB20
2195,FDV21
2196,FDZ02
2197,FDP19
2198,FDA38
2199,FDH22
2200,DRM11
2201,FDO12
2202,FDT14
2203,FDW34
2204,FDG04
2205,FDW59
2206,FDR33
2207,FDP32
2208,FDL13
2209,FDD22
2210,FDV40
2211,NCD55
2212,FDQ20
2213,FDD28
2214,FDC39
2215,NCR17
2216,DRO35
2217,FDF40
2218,FDR31
2219,NCQ41
2220,FDP38
2221,NCU54
2222,FDG22
2223,DRK59
2224,FDC37
2225,NCO42
2226,NCT42
2227,FDX27
2228,FDV40
2229,FDT45
2230,FDS47
2231,FDR45
2232,FDB03
2233,FDO49
2234,FDU60
2235,FDB26
2236,FDB46
2237,FDQ37
2238,FDN03
2239,NCX30
2240,FDK32
2241,DRM47
2242,NCO02
2243,FDP04
2244,NCO43
2245,FDD59
2246,FDQ10
2247,FDW45
2248,NCK30
2249,FDU31
2250,NCQ17
2251,FDN01
2252,FDZ19
2253,DRG37
2254,FDE32
2255,FDO34
2256,FDM04
2257,FDZ25
2258,FDU08
2259,NCW30
2260,NCM18
2261,FDS22
2262,NCH18
2263,FDC23
2264,FDY46
2265,NCU06
2266,FDX57
2267,FDX36
2268,FDL16
2269,FDT16
2270,FDN16
2271,FDC03
2272,DRF60
2273,FDS27
2274,FDP33
2275,FDJ36
2276,NCR42
2277,FDV14
2278,NCP42
2279,FDB50
2280,NCC30
2281,FDA23
2282,FDW16
2283,FDQ52
2284,FDB58
2285,NCP29
2286,NCM05
2287,FDO25
2288,NCM54
2289,NCL54
2290,FDL39
2291,FDF53
2292,NCQ42
2293,FDF58
2294,FDZ04
2295,FDE26
2296,FDS60
2297,FDV58
2298,FDM04
2299,FDE08
2300,NCB43
2301,FDU11
2302,FDF22
2303,FDE24
2304,DRJ49
2305,NCQ53
2306,NCL41
2307,FDR22
2308,FDH04
2309,DRH15
2310,FDY40
2311,NCI17
2312,NCC18
2313,FDY28
2314,FDB45
2315,NCL30
2316,FDM10
2317,FDH22
2318,NCZ53
2319,NCI18
2320,FDH14
2321,FDR36
2322,FDW01
2323,FDK02
2324,FDJ02
2325,FDU55
2326,NCV18
2327,FDH14
2328,FDZ37
2329,FDX49
2330,NCD43
2331,FDZ07
2332,FDK43
2333,FDR32
2334,FDT39
2335,NCV54
2336,FDF38
2337,FDV60
2338,FDH44
2339,FDS21
2340,NCL41
2341,FDM46
2342,FDU27
2343,NCJ54
2344,DRG51
2345,NCA29
2346,FDR47
2347,NCL19
2348,DRG01
2349,FDG10
2350,NCV05
2351,NCH18
2352,FDV14
2353,DRJ23
2354,DRJ11
2355,FDZ03
2356,FDI27
2357,FDJ14
2358,FDU32
2359,FDD47
2360,DRF36
2361,FDM21
2362,FDV10
2363,FDH60
2364,FDX47
2365,FDT19
2366,FDO11
2367,FDH24
2368,FDL02
2369,FDB02
2370,FDA43
2371,FDG52
2372,DRC12
2373,FDY37
2374,NCU18
2375,FDU09
2376,DRJ25
2377,DRE12
2378,DRL47
2379,DRK01
2380,FDC22
2381,FDG44
2382,FDW04
2383,FDK09
2384,NCN43
2385,FDG04
2386,FDH32
2387,DRI47
2388,DRE15
2389,FDY11
2390,FDO60
2391,FDQ20
2392,FDO57
2393,FDT14
2394,FDA57
2395,DRN35
2396,FDJ03
2397,FDX28
2398,DRE25
2399,FDR09
2400,FDB23
2401,FDO08
2402,FDQ23
2403,FDW04
2404,DRK13
2405,NCL17
2406,FDY21
2407,FDJ38
2408,FDA37
2409,FDV43
2410,FDL36
2411,FDD53
2412,FDZ19
2413,FDV21
2414,NCL54
2415,DRI47
2416,DRG03
2417,FDG21
2418,FDW03
2419,NCI55
2420,DRC36
2421,FDH22
2422,FDV20
2423,NCU41
2424,FDN46
2425,FDK50
2426,NCA05
2427,DRH01
2428,FDT08
2429,FDM08
2430,FDZ07
2431,FDS22
2432,FDV35
2433,FDI28
2434,FDW58
2435,FDT52
2436,FDY34
2437,FDR10
2438,FDK57
2439,FDR02
2440,FDX49
2441,FDQ20
2442,DRK23
2443,NCW06
2444,FDR31
2445,NCE43
2446,DRO59
2447,FDN09
2448,FDR11
2449,FDO57
2450,NCX18
2451,FDB05
2452,FDQ08
2453,NCG43
2454,FDJ56
2455,FDA13
2456,FDO56
2457,FDB37
2458,FDZ02
2459,FDQ24
2460,FDM16
2461,FDU35
2462,FDT35
2463,NCX30
2464,FDG04
2465,FDI12
2466,FDE35
2467,NCP14
2468,NCY53
2469,FDP49
2470,FDQ04
2471,FDM39
2472,FDO58
2473,FDC56
2474,NCQ54
2475,FDV10
2476,NCK17
2477,NCF55
2478,FDV33
2479,NCH29
2480,FDA37
2481,FDH46
2482,FDS25
2483,FDH04
2484,FDX52
2485,NCD42
2486,FDW47
2487,FDL25
2488,NCJ06
2489,FDY09
2490,FDS40
2491,FDH41
2492,FDG38
2493,FDU03
2494,FDV20
2495,DRB13
2496,NCQ30
2497,NCH06
2498,FDU50
2499,NCO42
2500,FDW09
2501,FDH04
2502,FDC21
2503,FDL21
2504,FDM46
2505,FDT22
2506,FDB28
2507,FDI12
2508,FDA28
2509,FDF59
2510,FDM45
2511,FDQ56
2512,FDR46
2513,FDT01
2514,FDD16
2515,NCU30
2516,FDM40
2517,FDI56
2518,NCS30
2519,FDU08
2520,FDX51
2521,FDA43
2522,FDX59
2523,FDC37
2524,FDP58
2525,NCY42
2526,FDF21
2527,FDU10
2528,DRL47
2529,FDA58
2530,FDJ22
2531,FDK50
2532,FDO38
2533,DRF60
2534,NCZ42
2535,FDD35
2536,FDL25
2537,FDJ16
2538,DRK59
2539,FDI50
2540,NCB19
2541,DRI37
2542,FDA14
2543,FDC08
2544,FDS45
2545,FDI21
2546,DRJ47
2547,DRE37
2548,FDT55
2549,NCG42
2550,FDA31
2551,NCW42
2552,FDF50
2553,FDK56
2554,FDX10
2555,NCK07
2556,FDZ49
2557,FDR33
2558,FDO44
2559,FDA20
2560,NCL30
2561,FDI05
2562,FDQ12
2563,FDH47
2564,FDH34
2565,FDF29
2566,FDG40
2567,NCE18
2568,FDP21
2569,FDY50
2570,FDB36
2571,NCZ29
2572,FDU20
2573,FDO56
2574,FDW31
2575,DRH59
2576,NCB30
2577,FDK43
2578,FDW43
2579,NCL19
2580,FDJ27
2581,FDC45
2582,FDY40
2583,NCM41
2584,NCK18
2585,FDP37
2586,FDA27
2587,NCX30
2588,FDR09
2589,FDG08
2590,NCU30
2591,FDB16
2592,FDM16
2593,FDC48
2594,NCF18
2595,FDU46
2596,FDH41
2597,NCN42
2598,FDU49
2599,FDB20
2600,FDG50
2601,FDW20
2602,NCO55
2603,FDX48
2604,FDU48
2605,FDR48
2606,FDK27
2607,FDT35
2608,FDN12
2609,NCE31
2610,FDL21
2611,FDV56
2612,FDR16
2613,NCP41
2614,FDJ27
2615,FDA07
2616,FDK55
2617,FDM33
2618,FDY46
2619,FDD36
2620,FDB12
2621,FDF28
2622,NCE07
2623,FDW50
2624,NCW18
2625,NCJ17
2626,DRZ24
2627,FDS07
2628,NCW05
2629,FDZ22
2630,FDK02
2631,FDZ45
2632,FDL25
2633,FDS08
2634,NCZ42
2635,FDX57
2636,FDF21
2637,FDJ56
2638,FDX10
2639,DRG48
2640,DRN37
2641,NCY41
2642,FDN28
2643,FDE34
2644,FDR10
2645,FDC32
2646,DRG13
2647,FDP59
2648,NCT53
2649,FDL57
2650,FDN32
2651,FDK09
2652,FDA52
2653,FDC57
2654,FDI09
2655,NCB07
2656,FDP26
2657,FDP40
2658,FDL15
2659,FDV07
2660,FDS03
2661,FDE50
2662,FDQ15
2663,FDQ33
2664,FDT22
2665,DRO35
2666,FDJ41
2667,FDQ27
2668,FDC26
2669,NCF43
2670,NCR50
2671,FDE39
2672,FDN49
2673,DRG11
2674,NCA18
2675,FDM36
2676,FDW32
2677,NCQ18
2678,FDX14
2679,FDD46
2680,FDI34
2681,NCJ17
2682,FDB52
2683,FDV55
2684,FDC57
2685,FDB29
2686,NCO43
2687,FDG44
2688,FDJ34
2689,FDH40
2690,NCD07
2691,FDB41
2692,FDH47
2693,DRK37
2694,FDM25
2695,NCX06
2696,NCS05
2697,FDS39
2698,FDC47
2699,FDG20
2700,DRL23
2701,FDY33
2702,NCH18
2703,FDX47
2704,NCB06
2705,FDP36
2706,FDW44
2707,NCU41
2708,NCS17
2709,FDD46
2710,FDE45
2711,FDI09
2712,NCJ54
2713,NCA29
2714,NCN41
2715,FDY34
2716,NCG55
2717,DRM49
2718,NCB42
2719,FDE58
2720,DRJ25
2721,FDS47
2722,FDY21
2723,NCI54
2724,FDO24
2725,FDY43
2726,FDF35
2727,NCP29
2728,FDN28
2729,FDJ50
2730,FDQ14
2731,FDC37
2732,FDN08
2733,FDD04
2734,FDW34
2735,FDP04
2736,NCG07
2737,NCN14
2738,FDJ16
2739,NCM42
2740,NCF19
2741,FDY21
2742,FDY19
2743,FDV09
2744,FDA28
2745,FDC38
2746,FDL28
2747,NCH43
2748,NCN53
2749,NCW05
2750,NCO30
2751,FDT04
2752,FDB27
2753,NCK07
2754,NCA53
2755,FDB33
2756,FDU37
2757,FDR13
2758,FDE45
2759,FDV37
2760,FDX44
2761,NCL06
2762,FDJ28
2763,FDX55
2764,NCK17
2765,FDH52
2766,FDN13
2767,FDK44
2768,FDU16
2769,FDZ07
2770,NCN06
2771,FDH02
2772,NCW18
2773,FDH57
2774,FDV35
2775,NCU29
2776,NCP02
2777,FDN44
2778,FDX03
2779,FDR11
2780,FDA36
2781,FDP58
2782,FDH31
2783,FDH34
2784,FDS13
2785,FDT01
2786,FDY09
2787,FDV33
2788,NCW29
2789,NCN17
2790,FDX01
2791,FDL03
2792,DRL59
2793,DRM11
2794,FDA43
2795,FDZ56
2796,FDI44
2797,FDB50
2798,FDU15
2799,NCJ19
2800,FDD48
2801,NCW42
2802,FDL24
2803,NCB30
2804,FDK25
2805,FDW28
2806,FDD47
2807,FDK16
2808,FDW37
2809,FDA48
2810,FDA14
2811,FDV15
2812,FDN22
2813,NCD55
2814,FDY43
2815,NCU05
2816,FDF10
2817,FDR39
2818,FDG40
2819,FDZ28
2820,FDE02
2821,FDU60
2822,FDM21
2823,FDV52
2824,NCW06
2825,FDX36
2826,FDT35
2827,NCL19
2828,NCD31
2829,FDE53
2830,FDW58
2831,DRF48
2832,FDW57
2833,DRH13
2834,FDT33
2835,DRK47
2836,FDY22
2837,FDC35
2838,FDO03
2839,FDF24
2840,FDF56
2841,FDD28
2842,FDG53
2843,FDO27
2844,NCF54
2845,FDC20
2846,FDU10
2847,DRA24
2848,FDA02
2849,FDG10
2850,FDW39
2851,FDP04
2852,NCM55
2853,FDG47
2854,NCU41
2855,NCK31
2856,FDZ46
2857,FDU13
2858,NCF19
2859,NCJ43
2860,NCJ05
2861,FDS04
2862,FDX28
2863,FDB41
2864,FDG53
2865,FDL15
2866,FDQ08
2867,DRN36
2868,FDI46
2869,FDG16
2870,FDV32
2871,FDF44
2872,FDK04
2873,NCA41
2874,FDD51
2875,NCZ53
2876,FDP01
2877,FDY25
2878,FDB17
2879,NCV54
2880,FDJ32
2881,FDA37
2882,FDG35
2883,NCM05
2884,FDG45
2885,FDH28
2886,NCE18
2887,FDH38
2888,FDR56
2889,FDH17
2890,FDD39
2891,FDB41
2892,NCR53
2893,FDX46
2894,FDV28
2895,FDA08
2896,FDH45
2897,NCS38
2898,FDD40
2899,DRM59
2900,NCJ43
2901,NCN29
2902,NCC19
2903,FDR56
2904,FDZ43
2905,FDJ32
2906,DRH03
2907,NCZ54
2908,FDE26
2909,FDS03
2910,DRZ24
2911,FDO48
2912,FDW39
2913,NCK05
2914,NCK30
2915,FDT27
2916,FDS08
2917,NCJ19
2918,FDC58
2919,DRE37
2920,FDW02
2921,FDJ02
2922,FDX09
2923,FDT31
2924,FDI24
2925,FDY09
2926,FDV28
2927,DRM47
2928,FDT52
2929,FDI48
2930,FDY55
2931,FDU48
2932,FDN25
2933,FDP20
2934,FDJ15
2935,FDD04
2936,FDY58
2937,FDR37
2938,FDF44
2939,FDD32
2940,FDR57
2941,DRG39
2942,FDX15
2943,DRN37
2944,FDW40
2945,FDB32
2946,FDM40
2947,FDE39
2948,DRH49
2949,FDT46
2950,NCF06
2951,FDP07
2952,FDC04
2953,FDZ32
2954,FDD50
2955,FDU56
2956,FDV34
2957,NCY41
2958,NCK18
2959,DRH25
2960,FDT57
2961,FDV56
2962,FDV12
2963,FDN52
2964,FDX38
2965,FDE47
2966,NCO07
2967,FDV09
2968,FDZ23
2969,DRH51
2970,NCY54
2971,DRG49
2972,NCC19
2973,NCV53
2974,FDZ47
2975,NCO26
2976,NCP02
2977,NCW30
2978,NCN55
2979,FDB20
2980,DRL11
2981,DRD60
2982,FDW14
2983,FDL27
2984,FDU09
2985,DRH36
2986,FDP34
2987,FDE04
2988,FDZ57
2989,FDF02
2990,FDG28
2991,NCI31
2992,FDT43
2993,FDU20
2994,FDD53
2995,FDW15
2996,NCT53
2997,NCG55
2998,FDD48
2999,FDG47
3000,FDI21
3001,FDT27
3002,DRO35
3003,FDD33
3004,FDC04
3005,FDY34
3006,DRJ49
3007,FDE05
3008,FDU31
3009,NCN19
3010,FDK56
3011,FDK58
3012,NCJ42
3013,FDZ34
3014,FDA52
3015,NCR29
3016,FDT48
3017,DRJ51
3018,NCS54
3019,FDV01
3020,DRG51
3021,NCG42
3022,FDA51
3023,FDV19
3024,NCT18
3025,NCS41
3026,FDO03
3027,FDL12
3028,FDY37
3029,FDI58
3030,FDT28
3031,NCC42
3032,FDO01
3033,FDJ02
3034,FDQ04
3035,DRL47
3036,FDZ32
3037,FDC35
3038,FDX14
3039,FDZ35
3040,FDL14
3041,FDO04
3042,DRK11
3043,FDB44
3044,FDZ50
3045,FDI12
3046,FDU43
3047,FDD58
3048,FDB27
3049,FDB04
3050,NCO17
3051,FDL12
3052,DRJ13
3053,FDD57
3054,FDW19
3055,DRD27
3056,FDH27
3057,NCW30
3058,FDR40
3059,FDG05
3060,NCY41
3061,FDI38
3062,FDR20
3063,FDE09
3064,FDN50
3065,DRF27
3066,DRF51
3067,NCO02
3068,FDB51
3069,FDJ50
3070,FDN52
3071,FDX14
3072,FDT27
3073,FDV10
3074,FDU33
3075,FDU58
3076,NCP42
3077,FDL51
3078,DRH15
3079,FDU16
3080,FDW15
3081,FDQ44
3082,NCI06
3083,DRK23
3084,FDC28
3085,NCY17
3086,NCV05
3087,FDM34
3088,DRD60
3089,FDT38
3090,FDQ57
3091,FDE59
3092,NCM43
3093,DRI51
3094,NCG30
3095,NCK54
3096,FDQ16
3097,FDI36
3098,FDX16
3099,FDA34
3100,FDJ48
3101,FDU47
3102,FDS39
3103,FDD11
3104,FDM16
3105,FDU56
3106,FDQ32
3107,DRK35
3108,FDA58
3109,DRG48
3110,FDT59
3111,FDQ31
3112,FDS51
3113,FDW32
3114,FDI15
3115,NCV30
3116,DRG25
3117,FDT02
3118,FDO33
3119,FDP38
3120,FDZ45
3121,NCA54
3122,FDU33
3123,FDN58
3124,FDI05
3125,FDM57
3126,NCS42
3127,FDB57
3128,FDC03
3129,FDZ58
3130,NCK29
3131,NCR53
3132,FDE26
3133,FDU52
3134,FDE41
3135,FDU38
3136,FDA52
3137,FDW46
3138,DRI59
3139,FDT38
3140,FDL33
3141,FDQ01
3142,FDJ08
3143,FDQ47
3144,NCZ18
3145,FDE29
3146,FDF10
3147,FDC48
3148,FDY58
3149,NCX30
3150,FDV11
3151,FDT46
3152,DRD01
3153,FDQ11
3154,NCM41
3155,NCC55
3156,FDG45
3157,NCQ54
3158,FDM34
3159,FDD17
3160,FDN38
3161,FDB53
3162,NCL06
3163,NCV18
3164,FDX25
3165,FDB39
3166,FDC33
3167,NCO14
3168,FDA58
3169,NCQ02
3170,NCR53
3171,FDN52
3172,FDG26
3173,FDE23
3174,DRI37
3175,DRH37
3176,FDO01
3177,FDK45
3178,FDP23
3179,FDM33
3180,FDD36
3181,FDL56
3182,FDT27
3183,FDG52
3184,NCL42
3185,DRJ24
3186,FDV38
3187,FDT35
3188,FDY51
3189,FDC37
3190,NCP43
3191,FDO33
3192,FDW04
3193,NCC31
3194,FDK22
3195,FDJ50
3196,FDV13
3197,DRL60
3198,FDW03
3199,FDY27
3200,FDB39
3201,FDU59
3202,FDZ57
3203,FDO21
3204,FDS43
3205,FDU28
3206,FDC51
3207,FDW16
3208,FDP32
3209,FDB60
3210,NCQ30
3211,FDD26
3212,FDI44
3213,DRH23
3214,FDO44
3215,FDG04
3216,FDM32
3217,FDM09
3218,FDZ47
3219,FDM40
3220,FDY48
3221,NCM30
3222,FDX36
3223,DRF03
3224,FDN51
3225,FDM57
3226,FDB35
3227,FDY13
3228,FDA37
3229,NCX53
3230,FDD59
3231,FDX10
3232,FDC03
3233,FDW43
3234,FDW10
3235,FDY14
3236,FDV43
3237,FDO40
3238,FDP46
3239,NCE43
3240,FDD05
3241,FDJ60
3242,DRE27
3243,FDO11
3244,DRG11
3245,FDK33
3246,DRM23
3247,FDJ02
3248,NCZ05
3249,NCL30
3250,FDZ19
3251,FDM45
3252,FDO36
3253,NCK31
3254,DRJ37
3255,FDP24
3256,FDF46
3257,FDX46
3258,NCL18
3259,FDJ26
3260,FDJ07
3261,FDY15
3262,DRG01
3263,FDF58
3264,FDZ14
3265,FDP31
3266,FDH45
3267,FDA09
3268,FDW31
3269,FDA57
3270,NCE55
3271,FDC17
3272,FDC59
3273,FDA22
3274,FDK52
3275,NCM26
3276,NCT53
3277,FDW45
3278,NCI18
3279,FDE38
3280,FDF08
3281,FDY58
3282,FDF58
3283,FDX39
3284,FDB44
3285,FDF28
3286,FDE39
3287,FDT37
3288,FDZ45
3289,FDO40
3290,FDM57
3291,DRG36
3292,FDY36
3293,DRL60
3294,FDS25
3295,DRF49
3296,FDP16
3297,FDS60
3298,FDU15
3299,FDK43
3300,FDN25
3301,FDE53
3302,FDB22
3303,FDE39
3304,FDX35
3305,NCG54
3306,FDH27
3307,NCK42
3308,FDS25
3309,FDI10
3310,FDU35
3311,FDI04
3312,DRK23
3313,FDB53
3314,FDY02
3315,FDM60
3316,NCJ31
3317,DRP35
3318,NCQ30
3319,DRL11
3320,FDU01
3321,FDR39
3322,FDO08
3323,FDC02
3324,NCZ29
3325,FDF29
3326,FDZ23
3327,NCU53
3328,NCW30
3329,NCM26
3330,FDV50
3331,FDW15
3332,FDI35
3333,FDO11
3334,FDN48
3335,NCA17
3336,NCN54
3337,FDP22
3338,NCB54
3339,FDD08
3340,DRM48
3341,FDG41
3342,FDE44
3343,FDE26
3344,NCS38
3345,NCJ54
3346,FDI40
3347,FDN45
3348,FDU43
3349,FDI04
3350,NCC07
3351,NCC07
3352,NCD18
3353,FDU55
3354,FDX59
3355,FDR52
3356,NCP17
3357,FDQ32
3358,NCT17
3359,FDO10
3360,FDE32
3361,FDN44
3362,FDH02
3363,FDK60
3364,FDS24
3365,FDL03
3366,FDB46
3367,FDO48
3368,FDZ39
3369,FDT02
3370,FDC50
3371,FDP39
3372,DRG15
3373,FDP10
3374,FDF53
3375,FDN34
3376,FDK02
3377,FDC23
3378,FDJ10
3379,FDE53
3380,FDR25
3381,FDW50
3382,FDS09
3383,FDW49
3384,FDU51
3385,FDF28
3386,NCY30
3387,FDD44
3388,FDX09
3389,NCF30
3390,FDZ50
3391,FDW37
3392,FDD11
3393,DRH39
3394,FDA36
3395,NCG43
3396,FDF02
3397,FDP57
3398,NCE42
3399,NCR38
3400,FDP03
3401,FDO51
3402,NCQ42
3403,NCM41
3404,FDH48
3405,DRF60
3406,FDJ27
3407,FDQ14
3408,FDN27
3409,NCQ02
3410,FDJ33
3411,FDP07
3412,DRE01
3413,FDU36
3414,FDL28
3415,NCX53
3416,FDZ39
3417,NCP42
3418,FDJ14
3419,FDK04
3420,NCC19
3421,FDS09
3422,FDZ02
3423,FDD35
3424,NCY42
3425,FDB05
3426,FDF20
3427,NCO41
3428,FDC40
3429,FDV58
3430,FDZ57
3431,DRM35
3432,DRN36
3433,FDQ13
3434,DRO35
3435,NCD43
3436,FDA51
3437,NCX17
3438,NCZ17
3439,FDR11
3440,FDW34
3441,FDN50
3442,FDS09
3443,FDS48
3444,FDL44
3445,DRF48
3446,FDA14
3447,NCD30
3448,FDI16
3449,NCG06
3450,DRZ24
3451,NCS17
3452,FDB37
3453,FDE10
3454,FDC57
3455,FDM12
3456,FDE24
3457,FDW22
3458,DRD01
3459,NCZ18
3460,FDN49
3461,FDR22
3462,FDV08
3463,FDY39
3464,FDV36
3465,FDO60
3466,FDU04
3467,FDR20
3468,FDW19
3469,FDU40
3470,FDK15
3471,DRF15
3472,FDQ25
3473,FDI48
3474,FDS49
3475,FDV22
3476,NCV42
3477,FDX26
3478,FDI33
3479,FDZ14
3480,FDG10
3481,FDM38
3482,FDG26
3483,FDH46
3484,FDN13
3485,FDU57
3486,NCI06
3487,FDM38
3488,NCG42
3489,FDL39
3490,FDT31
3491,FDV59
3492,FDB49
3493,FDD58
3494,DRN59
3495,FDX48
3496,FDQ11
3497,FDY12
3498,FDQ11
3499,DRI11
3500,FDY32
3501,FDS51
3502,FDR19
3503,DRB13
3504,FDS21
3505,FDQ40
3506,NCE55
3507,FDX43
3508,FDS12
3509,DRK01
3510,FDN25
3511,FDB60
3512,FDQ13
3513,DRK13
3514,DRF25
3515,NCD42
3516,FDW25
3517,NCV29
3518,NCK42
3519,DRJ13
3520,DRD15
3521,FDM27
3522,FDZ50
3523,FDC04
3524,FDF50
3525,FDP15
3526,FDK46
3527,FDZ56
3528,FDY60
3529,FDB10
3530,FDR57
3531,FDU58
3532,FDH02
3533,FDP48
3534,FDI46
3535,FDW56
3536,NCM19
3537,FDS50
3538,FDK24
3539,FDO36
3540,FDK45
3541,NCL05
3542,FDL32
3543,FDA28
3544,FDY36
3545,FDP32
3546,FDL50
3547,DRC24
3548,NCS18
3549,FDD16
3550,NCV18
3551,FDX07
3552,NCZ05
3553,NCI31
3554,FDK14
3555,NCR06
3556,NCF54
3557,DRG23
3558,FDD53
3559,NCM31
3560,FDT16
3561,FDR40
3562,DRG25
3563,FDT10
3564,FDY32
3565,FDN50
3566,FDZ35
3567,NCP54
3568,NCD07
3569,FDS02
3570,DRN59
3571,DRB24
3572,FDP37
3573,DRB01
3574,FDR47
3575,NCM31
3576,NCF06
3577,NCV17
3578,FDS10
3579,FDN52
3580,FDZ48
3581,FDJ48
3582,DRB13
3583,FDV59
3584,FDL32
3585,FDZ12
3586,NCR06
3587,FDP51
3588,FDY22
3589,FDZ38
3590,NCO54
3591,FDR23
3592,FDM38
3593,FDS25
3594,FDZ22
3595,FDZ20
3596,FDD45
3597,FDN03
3598,NCW30
3599,FDY24
3600,FDJ26
3601,FDM15
3602,NCW54
3603,FDA23
3604,FDA39
3605,FDZ12
3606,NCB42
3607,FDL16
3608,FDO24
3609,NCP42
3610,FDR19
3611,DRL01
3612,FDV37
3613,FDI41
3614,FDF58
3615,NCF43
3616,FDN02
3617,NCP41
3618,NCY17
3619,FDL58
3620,NCA30
3621,FDE46
3622,FDY38
3623,NCH29
3624,FDO20
3625,FDP44
3626,FDM02
3627,FDJ14
3628,FDH04
3629,DRK23
3630,NCW05
3631,FDF12
3632,FDL51
3633,FDN03
3634,DRJ37
3635,FDM12
3636,FDA16
3637,NCB07
3638,NCI17
3639,FDR51
3640,FDJ55
3641,NCZ17
3642,FDU25
3643,NCG18
3644,DRM11
3645,FDH16
3646,FDZ04
3647,NCX53
3648,FDX38
3649,FDX09
3650,NCW05
3651,NCS41
3652,FDI26
3653,NCZ41
3654,NCK06
3655,FDX23
3656,NCA42
3657,FDC20
3658,DRC49
3659,FDX01
3660,FDC08
3661,FDC02
3662,FDK10
3663,DRC24
3664,FDW16
3665,NCU06
3666,DRA59
3667,FDR24
3668,DRL35
3669,FDA49
3670,NCC55
3671,DRD24
3672,NCE55
3673,FDT33
3674,NCT53
3675,FDS26
3676,FDL22
3677,FDP44
3678,FDC52
3679,FDI53
3680,FDZ23
3681,NCT18
3682,FDR13
3683,FDB09
3684,FDZ60
3685,FDB11
3686,FDC10
3687,FDW56
3688,FDK14
3689,DRE27
3690,FDA38
3691,FDT11
3692,FDP15
3693,FDV27
3694,FDS36
3695,FDY40
3696,NCF19
3697,FDF53
3698,FDS14
3699,FDE56
3700,FDZ19
3701,FDZ46
3702,FDR16
3703,FDG29
3704,NCE30
3705,FDZ40
3706,FDG58
3707,DRH03
3708,FDZ47
3709,FDV04
3710,FDZ10
3711,FDG46
3712,NCF07
3713,FDY44
3714,FDB21
3715,FDS20
3716,FDS49
3717,FDX55
3718,NCQ02
3719,FDR25
3720,DRG39
3721,FDB46
3722,NCC30
3723,FDE58
3724,FDC05
3725,FDY15
3726,FDG14
3727,FDL08
3728,FDQ47
3729,FDN12
3730,FDW10
3731,FDD02
3732,FDX35
3733,FDT35
3734,DRN47
3735,FDB11
3736,FDN20
3737,FDB59
3738,FDJ58
3739,FDU60
3740,FDS03
3741,FDU40
3742,DRH15
3743,FDD04
3744,FDQ01
3745,FDF28
3746,FDD22
3747,FDY19
3748,FDN33
3749,FDV36
3750,FDW01
3751,FDJ28
3752,FDB17
3753,FDM40
3754,FDV46
3755,FDQ44
3756,NCD42
3757,DRH37
3758,FDR10
3759,NCD06
3760,FDI53
3761,FDG16
3762,DRB25
3763,FDY09
3764,FDX48
3765,FDC03
3766,FDT47
3767,FDW44
3768,FDT24
3769,FDT12
3770,NCS38
3771,FDO39
3772,FDA13
3773,FDO48
3774,DRJ01
3775,FDD53
3776,NCT05
3777,FDQ51
3778,FDU60
3779,FDC59
3780,FDP36
3781,NCM19
3782,FDL16
3783,FDE50
3784,NCR18
3785,NCD30
3786,FDH31
3787,FDD56
3788,FDC47
3789,FDZ21
3790,FDM01
3791,FDF24
3792,FDW23
3793,FDY52
3794,DRH37
3795,DRO47
3796,FDR25
3797,FDQ24
3798,DRJ51
3799,NCU06
3800,NCV18
3801,NCC06
3802,FDZ01
3803,FDT14
3804,FDD11
3805,FDN09
3806,NCO18
3807,FDZ50
3808,FDS44
3809,FDI36
3810,FDA26
3811,NCY53
3812,FDF32
3813,FDF59
3814,FDB20
3815,DRH11
3816,FDT03
3817,NCH06
3818,FDR55
3819,FDI10
3820,FDZ12
3821,FDM12
3822,DRB25
3823,NCS41
3824,NCT53
3825,NCD55
3826,FDY08
3827,NCP55
3828,FDA33
3829,FDQ33
3830,FDE45
3831,FDT26
3832,NCV53
3833,FDK60
3834,NCJ29
3835,FDI15
3836,FDX21
3837,FDV49
3838,DRO59
3839,FDZ14
3840,FDP32
3841,FDC33
3842,FDT14
3843,NCN54
3844,FDR57
3845,DRK12
3846,FDX52
3847,FDX08
3848,FDP10
3849,NCP50
3850,NCL06
3851,FDP25
3852,FDE53
3853,FDL27
3854,FDC35
3855,DRJ47
3856,FDD16
3857,NCN42
3858,FDC38
3859,NCO07
3860,FDQ20
3861,FDI32
3862,FDN20
3863,DRJ51
3864,FDU08
3865,DRN37
3866,FDD05
3867,FDW15
3868,FDI52
3869,DRM11
3870,NCO06
3871,FDU38
3872,FDU59
3873,FDJ10
3874,FDM13
3875,NCJ30
3876,FDM45
3877,FDP36
3878,NCD30
3879,FDN48
3880,FDY32
3881,FDU47
3882,FDF17
3883,FDP34
3884,FDA47
3885,DRD27
3886,FDW38
3887,FDZ15
3888,FDZ03
3889,NCN19
3890,FDG02
3891,FDS31
3892,FDW43
3893,FDZ47
3894,FDO57
3895,NCL07
3896,NCV42
3897,FDP40
3898,FDP48
3899,FDH21
3900,NCP02
3901,FDK24
3902,FDC41
3903,FDF08
3904,FDO49
3905,FDS56
3906,FDX46
3907,FDQ07
3908,FDC32
3909,FDT21
3910,FDG58
3911,FDW14
3912,DRA12
3913,FDV27
3914,DRD25
3915,DRF48
3916,FDX24
3917,DRJ51
3918,FDE45
3919,FDE14
3920,FDG53
3921,FDT08
3922,DRC27
3923,FDG20
3924,FDC21
3925,FDV31
3926,FDB58
3927,FDV23
3928,FDA25
3929,FDC15
3930,FDU47
3931,FDE23
3932,FDS08
3933,FDW03
3934,FDJ60
3935,FDM34
3936,FDW33
3937,FDZ40
3938,FDE33
3939,NCC06
3940,FDU11
3941,FDL44
3942,NCZ29
3943,FDG28
3944,FDL12
3945,FDD52
3946,FDO15
3947,NCN29
3948,FDW36
3949,FDB21
3950,FDZ28
3951,FDY10
3952,DRG39
3953,FDN28
3954,FDV15
3955,DRI13
3956,FDH20
3957,FDY51
3958,FDE16
3959,FDX40
3960,FDC48
3961,FDS14
3962,FDX56
3963,FDI10
3964,FDI14
3965,DRM48
3966,NCH07
3967,FDY26
3968,FDD02
3969,FDM12
3970,DRF01
3971,FDV36
3972,DRI59
3973,FDV03
3974,FDO39
3975,NCB07
3976,FDH38
3977,FDZ13
3978,NCZ30
3979,NCA06
3980,FDB04
3981,FDN50
3982,NCG06
3983,NCY17
3984,FDC23
3985,FDK33
3986,FDR03
3987,FDZ07
3988,FDO38
3989,FDS59
3990,DRM11
3991,FDX52
3992,DRJ35
3993,NCP53
3994,FDW15
3995,DRI47
3996,DRZ11
3997,FDS02
3998,DRD49
3999,FDW38
4000,FDR21
4001,FDE40
4002,FDI02
4003,FDQ04
4004,FDY14
4005,NCT54
4006,DRD25
4007,DRE01
4008,FDJ12
4009,NCZ05
4010,DRB25
4011,NCC31
4012,FDM16
4013,DRG11
4014,FDV24
4015,FDV43
4016,FDG05
4017,FDV23
4018,FDI58
4019,FDQ11
4020,FDC05
4021,FDF40
4022,FDU02
4023,FDT32
4024,NCF06
4025,FDT46
4026,FDR58
4027,FDY04
4028,FDT58
4029,FDE46
4030,DRH11
4031,DRI51
4032,FDC35
4033,FDP45
4034,FDC45
4035,FDU01
4036,FDJ53
4037,FDJ46
4038,FDX07
4039,NCI30
4040,FDE47
4041,FDV48
4042,FDN16
4043,FDM52
4044,FDA32
4045,FDH05
4046,FDW25
4047,FDQ09
4048,NCM17
4049,DRM59
4050,FDV47
4051,DRE15
4052,FDS25
4053,NCZ05
4054,NCV05
4055,DRM37
4056,FDV58
4057,FDN22
4058,NCO06
4059,FDT56
4060,FDM02
4061,FDA09
4062,NCC06
4063,NCL54
4064,NCB55
4065,FDB12
4066,NCA54
4067,NCS38
4068,FDC02
4069,FDK44
4070,FDE16
4071,NCS05
4072,FDZ59
4073,FDI20
4074,FDQ14
4075,FDF53
4076,FDW25
4077,NCQ43
4078,FDX52
4079,FDE28
4080,FDN15
4081,FDO28
4082,FDQ33
4083,FDM22
4084,FDJ03
4085,FDI16
4086,FDI09
4087,FDX55
4088,FDS23
4089,DRC12
4090,FDH41
4091,FDN01
4092,FDV55
4093,NCJ19
4094,NCY29
4095,FDP03
4096,FDZ52
4097,FDH31
4098,FDQ19
4099,FDS15
4100,FDN32
4101,FDH32
4102,FDF33
4103,FDJ22
4104,FDG56
4105,FDC05
4106,FDK09
4107,NCV29
4108,NCC43
4109,NCA42
4110,FDC10
4111,FDC16
4112,NCL17
4113,FDA51
4114,FDW01
4115,NCF30
4116,FDN49
4117,FDY20
4118,FDC15
4119,FDY24
4120,NCG43
4121,FDA48
4122,NCF55
4123,FDL38
4124,NCQ29
4125,FDC34
4126,FDP36
4127,FDN50
4128,FDO23
4129,FDT56
4130,FDT13
4131,FDZ03
4132,FDQ03
4133,FDU44
4134,FDD03
4135,NCH30
4136,FDS60
4137,FDG08
4138,FDX38
4139,FDD22
4140,FDW51
4141,FDL09
4142,FDZ60
4143,NCH07
4144,NCQ41
4145,FDW04
4146,FDI08
4147,FDR19
4148,FDV13
4149,FDB52
4150,FDZ48
4151,NCO14
4152,FDZ50
4153,FDN27
4154,FDQ60
4155,FDR49
4156,DRJ35
4157,DRI49
4158,FDB47
4159,FDP37
4160,FDR26
4161,FDY31
4162,FDC11
4163,DRP47
4164,NCY54
4165,FDR27
4166,FDQ21
4167,NCQ29
4168,FDJ02
4169,FDE21
4170,FDM39
4171,FDZ01
4172,NCB19
4173,FDU03
4174,FDP27
4175,DRF01
4176,FDM03
4177,FDV01
4178,FDS16
4179,FDO45
4180,NCX06
4181,FDP13
4182,NCR38
4183,FDA01
4184,FDT26
4185,FDD44
4186,FDB26
4187,FDP45
4188,NCP55
4189,FDT23
4190,FDO51
4191,FDA44
4192,NCJ31
4193,FDX37
4194,NCD18
4195,FDN40
4196,FDL33
4197,DRF48
4198,FDW08
4199,FDX39
4200,FDB38
4201,FDY46
4202,NCB06
4203,FDA34
4204,FDA35
4205,FDQ07
4206,FDU32
4207,FDU26
4208,FDU13
4209,FDO09
4210,FDW03
4211,FDB38
4212,FDL26
4213,NCN43
4214,FDH08
4215,NCC31
4216,FDH14
4217,FDL40
4218,FDD20
4219,NCV53
4220,FDD16
4221,FDP24
4222,FDQ25
4223,FDM38
4224,NCT18
4225,FDM34
4226,DRH37
4227,NCE07
4228,FDG12
4229,FDB59
4230,FDS10
4231,FDN21
4232,FDM02
4233,FDO44
4234,NCN17
4235,FDH16
4236,FDL44
4237,FDY47
4238,DRI39
4239,NCX54
4240,FDE59
4241,FDO46
4242,DRE13
4243,FDW14
4244,FDF35
4245,FDO50
4246,DRF49
4247,FDT60
4248,FDP38
4249,FDA31
4250,FDY52
4251,FDD03
4252,FDN52
4253,FDU20
4254,FDD22
4255,NCB55
4256,FDN27
4257,FDD16
4258,FDW48
4259,DRN35
4260,FDX25
4261,DRD49
4262,FDE21
4263,FDN44
4264,DRC01
4265,NCK30
4266,FDU39
4267,FDB49
4268,FDS12
4269,FDR57
4270,FDX22
4271,FDC60
4272,NCE42
4273,NCK42
4274,DRE01
4275,FDE57
4276,DRK59
4277,FDB10
4278,FDQ25
4279,FDY26
4280,FDG28
4281,FDM14
4282,NCH29
4283,FDD48
4284,FDC17
4285,DRH49
4286,FDN44
4287,FDC29
4288,DRK01
4289,FDD48
4290,FDB59
4291,FDY45
4292,FDX60
4293,FDT09
4294,DRB24
4295,FDL13
4296,FDN16
4297,FDK57
4298,FDO22
4299,FDC57
4300,FDZ13
4301,FDW27
4302,FDX10
4303,FDY08
4304,FDA49
4305,FDC32
4306,FDO04
4307,NCZ54
4308,FDY40
4309,FDW36
4310,FDE11
4311,DRE37
4312,NCK19
4313,FDT19
4314,FDE56
4315,FDZ57
4316,FDB35
4317,FDF09
4318,FDO34
4319,FDA55
4320,NCM18
4321,FDJ20
4322,DRQ35
4323,FDG02
4324,NCU29
4325,FDL27
4326,NCA54
4327,FDJ32
4328,FDB21
4329,FDR46
4330,FDZ32
4331,DRF36
4332,NCU54
4333,NCI31
4334,DRA59
4335,NCC55
4336,FDE44
4337,NCN26
4338,FDC11
4339,FDV24
4340,FDR40
4341,NCQ17
4342,FDC46
4343,NCM18
4344,FDK16
4345,FDI28
4346,FDS11
4347,DRD13
4348,FDL36
4349,FDI27
4350,FDJ53
4351,FDS44
4352,FDE28
4353,FDQ33
4354,FDB37
4355,FDQ31
4356,NCQ05
4357,FDE10
4358,FDF38
4359,FDE50
4360,DRG37
4361,NCH06
4362,FDY14
4363,FDO27
4364,FDQ19
4365,FDZ26
4366,FDN51
4367,FDK20
4368,FDD40
4369,DRI25
4370,FDH56
4371,FDI36
4372,DRH11
4373,NCV18
4374,DRI01
4375,DRE48
4376,FDS51
4377,FDM38
4378,FDB60
4379,FDY58
4380,FDY22
4381,FDF11
4382,FDZ51
4383,FDQ45
4384,FDF17
4385,NCF31
4386,FDA37
4387,FDO51
4388,FDF34
4389,FDD57
4390,FDO37
4391,FDR49
4392,FDS39
4393,FDI48
4394,DRM35
4395,FDV57
4396,FDZ55
4397,FDI28
4398,FDS21
4399,FDT34
4400,DRI25
4401,FDT47
4402,DRH39
4403,NCD54
4404,FDU16
4405,NCW29
4406,FDV25
4407,FDM56
4408,FDZ04
4409,FDG59
4410,FDI56
4411,FDS33
4412,FDC23
4413,FDT11
4414,FDG17
4415,FDZ44
4416,FDJ52
4417,DRI23
4418,DRE15
4419,NCF07
4420,NCR29
4421,FDE44
4422,FDT23
4423,NCG06
4424,NCU41
4425,FDH46
4426,FDV31
4427,NCT41
4428,FDE22
4429,FDC26
4430,DRF51
4431,NCY53
4432,FDY21
4433,FDL27
4434,FDZ34
4435,NCF43
4436,FDC21
4437,FDL26
4438,FDT25
4439,NCR30
4440,DRL23
4441,NCR05
4442,NCE19
4443,FDY07
4444,FDB10
4445,FDP57
4446,FDU48
4447,FDH48
4448,FDO33
4449,NCU29
4450,FDW35
4451,FDH05
4452,FDP26
4453,DRG27
4454,FDQ33
4455,FDH20
4456,FDV14
4457,DRD01
4458,NCI17
4459,FDF39
4460,FDX37
4461,NCX17
4462,FDN03
4463,NCS41
4464,FDH34
4465,NCX53
4466,FDY31
4467,FDD20
4468,FDE51
4469,FDV27
4470,FDF16
4471,FDZ02
4472,NCK05
4473,FDM12
4474,NCA05
4475,FDX33
4476,FDM25
4477,FDE41
4478,FDW14
4479,NCD30
4480,FDB23
4481,FDF45
4482,FDW20
4483,FDF47
4484,NCR05
4485,DRB01
4486,FDE36
4487,FDU56
4488,FDB23
4489,FDN48
4490,FDS43
4491,NCN05
4492,NCL53
4493,FDL56
4494,FDH17
4495,FDP37
4496,FDG09
4497,FDA55
4498,FDX31
4499,FDJ41
4500,DRC24
4501,FDQ21
4502,NCT54
4503,FDH08
4504,FDY38
4505,DRM11
4506,FDG32
4507,NCH18
4508,FDI20
4509,FDA33
4510,FDN45
4511,FDT45
4512,FDR32
4513,FDA48
4514,FDN23
4515,NCR18
4516,FDD45
4517,FDI22
4518,FDT09
4519,DRC24
4520,FDT39
4521,FDX28
4522,FDA50
4523,FDT33
4524,FDQ60
4525,NCM19
4526,FDF40
4527,NCI30
4528,FDK34
4529,FDA38
4530,FDT02
4531,FDC11
4532,FDD08
4533,NCS29
4534,DRI03
4535,FDK48
4536,FDM52
4537,FDP49
4538,DRA24
4539,NCJ43
4540,FDE11
4541,FDP01
4542,FDQ59
4543,FDA43
4544,FDL14
4545,FDV50
4546,FDT01
4547,NCC42
4548,FDO28
4549,FDD32
4550,FDV45
4551,NCW17
4552,NCJ17
4553,NCF18
4554,FDP01
4555,FDH24
4556,FDI38
4557,FDX03
4558,FDY28
4559,FDN34
4560,FDJ02
4561,FDW40
4562,FDX03
4563,FDE17
4564,FDT58
4565,FDI38
4566,FDW22
4567,FDS15
4568,NCX06
4569,DRK47
4570,FDC23
4571,FDM56
4572,FDP21
4573,FDP58
4574,FDA27
4575,FDK41
4576,NCH42
4577,FDG29
4578,FDW15
4579,FDD28
4580,FDQ37
4581,FDC23
4582,FDV13
4583,FDK33
4584,FDO33
4585,FDN21
4586,NCW06
4587,FDI38
4588,FDC21
4589,NCS05
4590,NCN53
4591,FDV40
4592,FDG60
4593,NCY30
4594,FDM40
4595,NCO30
4596,FDK10
4597,FDM36
4598,FDN10
4599,FDM46
4600,FDX50
4601,FDP33
4602,FDO12
4603,FDC28
4604,FDO31
4605,FDX45
4606,FDV21
4607,FDH04
4608,NCG54
4609,FDO13
4610,FDA09
4611,FDC38
4612,NCO42
4613,FDL45
4614,NCK31
4615,FDM39
4616,FDC22
4617,FDF46
4618,FDQ37
4619,FDH41
4620,FDQ04
4621,NCQ02
4622,FDJ57
4623,NCE07
4624,FDE56
4625,FDI20
4626,FDK36
4627,FDP08
4628,FDF44
4629,NCU53
4630,FDF47
4631,FDS55
4632,FDZ52
4633,FDL04
4634,NCM26
4635,FDX43
4636,FDP52
4637,DRK49
4638,FDE38
4639,DRF13
4640,FDK41
4641,FDJ04
4642,FDZ44
4643,FDS11
4644,FDA55
4645,NCW53
4646,FDB49
4647,FDD23
4648,NCV42
4649,NCZ29
4650,FDQ26
4651,FDV08
4652,FDC53
4653,FDV58
4654,NCP02
4655,DRI37
4656,FDQ12
4657,FDE33
4658,FDX27
4659,FDM22
4660,NCH30
4661,FDC04
4662,FDO38
4663,FDV52
4664,FDB32
4665,FDV43
4666,FDI24
4667,FDR40
4668,FDW02
4669,FDE44
4670,FDL38
4671,NCT54
4672,DRJ39
4673,FDW55
4674,DRF13
4675,NCW17
4676,FDP13
4677,FDS08
4678,NCP17
4679,NCO53
4680,FDH19
4681,FDJ04
4682,FDG10
4683,FDA40
4684,FDI53
4685,FDU09
4686,FDK60
4687,FDR43
4688,FDW22
4689,DRP47
4690,DRG48
4691,FDA14
4692,FDU49
4693,FDK28
4694,FDT19
4695,NCQ42
4696,FDD03
4697,NCM53
4698,NCX53
4699,FDV14
4700,NCZ54
4701,FDB39
4702,DRC24
4703,FDY36
4704,FDN01
4705,DRH25
4706,FDV08
4707,NCP53
4708,FDU52
4709,NCI42
4710,FDZ14
4711,FDF11
4712,FDQ13
4713,FDO32
4714,DRJ37
4715,FDY43
4716,NCT41
4717,NCV17
4718,FDM04
4719,DRB48
4720,FDM24
4721,FDT37
4722,NCO05
4723,FDL13
4724,FDL15
4725,FDB11
4726,FDL14
4727,FDY10
4728,FDJ40
4729,NCW18
4730,NCY06
4731,DRE13
4732,FDA26
4733,NCE19
4734,FDE33
4735,DRL59
4736,FDY07
4737,FDF57
4738,FDM58
4739,FDP26
4740,FDY32
4741,FDD51
4742,FDU22
4743,FDZ49
4744,NCI42
4745,FDT04
4746,NCU41
4747,FDS56
4748,NCN42
4749,FDK34
4750,FDB03
4751,DRJ25
4752,FDT25
4753,FDN20
4754,FDP09
4755,FDM20
4756,NCG55
4757,NCP14
4758,NCH06
4759,FDV52
4760,NCL07
4761,DRJ11
4762,DRO59
4763,FDW15
4764,NCQ30
4765,NCN54
4766,FDY01
4767,FDX39
4768,FDH53
4769,FDA57
4770,NCC07
4771,FDU28
4772,FDK36
4773,FDR36
4774,NCQ17
4775,FDS28
4776,FDE08
4777,FDU22
4778,FDG41
4779,FDO31
4780,FDM21
4781,FDU40
4782,FDV36
4783,FDT10
4784,FDX38
4785,NCU30
4786,NCV06
4787,FDT16
4788,NCP41
4789,FDZ56
4790,FDC22
4791,FDU10
4792,FDS46
4793,FDO08
4794,NCV42
4795,FDP33
4796,FDJ12
4797,FDH04
4798,NCU54
4799,FDO36
4800,FDT37
4801,FDD14
4802,FDA16
4803,NCS42
4804,FDP10
4805,FDQ28
4806,FDK57
4807,FDK02
4808,FDW47
4809,NCC42
4810,FDQ37
4811,FDL40
4812,DRE13
4813,FDQ34
4814,NCB54
4815,FDS48
4816,FDO15
4817,NCT30
4818,FDU49
4819,FDE21
4820,FDS49
4821,FDT38
4822,FDZ01
4823,FDC41
4824,DRG13
4825,NCZ42
4826,NCM07
4827,NCV17
4828,DRK39
4829,FDS37
4830,FDV12
4831,NCG19
4832,FDS51
4833,NCO14
4834,FDC38
4835,FDN15
4836,NCH42
4837,FDQ22
4838,FDC05
4839,FDZ31
4840,DRJ23
4841,FDC52
4842,DRD12
4843,FDV55
4844,FDD32
4845,FDR01
4846,FDY08
4847,FDQ45
4848,DRN11
4849,NCS05
4850,FDY32
4851,NCD31
4852,NCE06
4853,NCP14
4854,NCF18
4855,FDF14
4856,FDB22
4857,NCH54
4858,FDU27
4859,FDS58
4860,NCU29
4861,FDJ57
4862,FDL56
4863,FDH60
4864,FDN24
4865,FDD02
4866,FDP15
4867,FDB28
4868,DRC49
4869,NCG30
4870,FDJ14
4871,FDL52
4872,NCG19
4873,NCN41
4874,FDW22
4875,FDI02
4876,FDV51
4877,FDV48
4878,NCL17
4879,FDP46
4880,FDU10
4881,FDT37
4882,FDI27
4883,FDN51
4884,FDW07
4885,FDN45
4886,DRN37
4887,DRF48
4888,FDP38
4889,NCX18
4890,FDK45
4891,FDZ37
4892,FDS50
4893,NCR54
4894,NCS17
4895,FDV31
4896,DRE27
4897,FDN60
4898,FDK26
4899,FDX37
4900,FDW31
4901,FDX26
4902,DRL49
4903,FDU49
4904,FDY58
4905,FDN03
4906,NCV06
4907,FDH53
4908,FDG31
4909,NCC06
4910,FDS13
4911,FDP16
4912,FDA35
4913,DRP47
4914,FDY28
4915,FDY20
4916,NCH30
4917,NCR29
4918,NCP05
4919,NCF30
4920,FDA08
4921,FDN51
4922,FDH12
4923,FDY39
4924,NCO53
4925,FDB40
4926,FDH02
4927,FDY11
4928,FDQ09
4929,FDP16
4930,NCF55
4931,FDY09
4932,FDY39
4933,NCU53
4934,NCT41
4935,FDJ45
4936,FDR28
4937,FDN08
4938,FDJ07
4939,FDZ09
4940,FDQ14
4941,FDY12
4942,FDK57
4943,FDD20
4944,FDS36
4945,FDI40
4946,FDJ40
4947,FDE08
4948,DRK01
4949,FDC58
4950,FDE50
4951,FDX48
4952,DRM35
4953,FDG41
4954,FDB52
4955,FDV19
4956,DRG48
4957,FDI26
4958,FDU11
4959,FDF59
4960,FDR07
4961,NCE06
4962,FDE10
4963,NCO55
4964,FDZ13
4965,FDT50
4966,FDH12
4967,FDD21
4968,NCM05
4969,FDK04
4970,FDN33
4971,NCM18
4972,DRC25
4973,FDT47
4974,FDD45
4975,NCD07
4976,NCY54
4977,FDL12
4978,FDL02
4979,FDC60
4980,FDR37
4981,FDY16
4982,FDU26
4983,FDN24
4984,FDH44
4985,FDE23
4986,FDW60
4987,FDQ55
4988,FDV32
4989,FDV03
4990,FDY14
4991,NCL55
4992,DRF25
4993,FDX03
4994,FDF40
4995,FDX24
4996,FDA25
4997,FDH21
4998,FDB47
4999,FDT34
5000,FDS39
5001,NCU05
5002,FDE02
5003,FDL25
5004,FDC50
5005,FDZ32
5006,FDV14
5007,FDR07
5008,FDB26
5009,NCR50
5010,FDP01
5011,FDH57
5012,FDM60
5013,FDA45
5014,FDU55
5015,FDH40
5016,FDG40
5017,FDT12
5018,DRL59
5019,FDT47
5020,FDI60
5021,DRF51
5022,NCK31
5023,FDB08
5024,FDM44
5025,FDD46
5026,FDR27
5027,FDV56
5028,FDM02
5029,FDU45
5030,FDZ10
5031,NCK31
5032,FDR27
5033,FDF33
5034,FDJ36
5035,FDP33
5036,FDG17
5037,FDG47
5038,NCW29
5039,DRH59
5040,FDR32
5041,FDP48
5042,FDG17
5043,DRJ59
5044,FDY48
5045,FDB02
5046,FDN10
5047,NCD55
5048,FDX34
5049,FDZ38
5050,DRF37
5051,DRL47
5052,FDL27
5053,NCP53
5054,FDT03
5055,FDJ28
5056,FDF40
5057,FDA32
5058,NCP02
5059,FDZ31
5060,NCQ29
5061,FDP57
5062,FDL32
5063,DRB01
5064,FDJ40
5065,FDO24
5066,FDO11
5067,FDA56
5068,FDF02
5069,FDA10
5070,NCI55
5071,FDZ40
5072,FDV08
5073,FDN48
5074,FDU57
5075,DRF49
5076,FDS02
5077,FDS43
5078,FDT16
5079,FDX19
5080,FDK15
5081,DRA12
5082,FDY35
5083,NCU42
5084,FDD26
5085,FDR11
5086,NCP53
5087,FDP34
5088,NCV41
5089,FDN20
5090,FDZ16
5091,FDZ28
5092,NCL55
5093,NCJ17
5094,FDT37
5095,FDV51
5096,FDZ28
5097,FDN27
5098,FDS14
5099,FDZ58
5100,FDD46
5101,FDJ03
5102,FDU03
5103,FDA33
5104,NCW53
5105,NCC55
5106,FDP52
5107,FDE39
5108,FDB44
5109,FDG59
5110,FDI05
5111,FDF59
5112,FDM39
5113,FDB14
5114,NCS05
5115,DRJ35
5116,FDO31
5117,FDA31
5118,FDX40
5119,FDW56
5120,FDH09
5121,FDA52
5122,FDF20
5123,FDE40
5124,NCU17
5125,NCP14
5126,FDN25
5127,FDU39
5128,NCM05
5129,FDU07
5130,FDF28
5131,FDR57
5132,FDJ33
5133,DRH23
5134,FDQ52
5135,DRK13
5136,FDP09
5137,FDR08
5138,FDV50
5139,FDT13
5140,FDJ27
5141,FDH21
5142,FDW14
5143,FDL52
5144,FDW28
5145,FDL40
5146,FDE24
5147,FDX35
5148,FDP46
5149,FDX56
5150,FDQ45
5151,FDK50
5152,FDY26
5153,FDQ09
5154,FDN39
5155,FDP13
5156,FDR51
5157,FDZ49
5158,FDL28
5159,FDZ10
5160,FDK38
5161,DRL49
5162,FDR15
5163,FDQ24
5164,FDD56
5165,NCR42
5166,FDH52
5167,FDH57
5168,FDR15
5169,FDJ34
5170,FDW37
5171,FDQ23
5172,FDP34
5173,FDE04
5174,FDC48
5175,FDA47
5176,FDI35
5177,NCV05
5178,FDR28
5179,FDH31
5180,FDP59
5181,FDS19
5182,FDM60
5183,FDJ44
5184,DRH51
5185,DRC25
5186,DRE25
5187,NCX05
5188,FDR11
5189,DRP47
5190,DRC49
5191,FDQ47
5192,FDL20
5193,FDM34
5194,NCN55
5195,FDD41
5196,FDE52
5197,NCT18
5198,FDJ32
5199,FDE16
5200,FDZ09
5201,DRZ11
5202,FDK41
5203,FDE56
5204,FDH34
5205,DRI49
5206,DRI59
5207,DRC36
5208,FDS15
5209,FDI07
5210,FDZ15
5211,NCX41
5212,NCO29
5213,FDF57
5214,FDI33
5215,DRJ47
5216,FDB34
5217,FDY22
5218,DRL11
5219,FDY46
5220,FDG17
5221,FDE52
5222,DRP47
5223,FDO01
5224,FDL09
5225,FDR57
5226,DRD37
5227,FDQ36
5228,FDL33
5229,FDL48
5230,FDL28
5231,NCN29
5232,FDO13
5233,FDB38
5234,FDI36
5235,FDI58
5236,FDH22
5237,FDQ27
5238,FDT33
5239,FDC56
5240,FDF14
5241,FDQ39
5242,NCM43
5243,FDS46
5244,FDI22
5245,NCE43
5246,FDZ36
5247,FDR13
5248,FDP46
5249,FDW56
5250,FDB40
5251,FDM28
5252,FDV49
5253,NCS53
5254,FDO03
5255,FDT15
5256,FDD33
5257,FDX13
5258,FDH60
5259,DRH51
5260,NCL07
5261,FDW51
5262,FDF21
5263,FDH26
5264,FDJ03
5265,FDU35
5266,DRL01
5267,FDE59
5268,FDI60
5269,DRH39
5270,FDK36
5271,FDN52
5272,FDU12
5273,NCT05
5274,FDS37
5275,FDK24
5276,DRF36
5277,FDN46
5278,NCN06
5279,FDD59
5280,FDM14
5281,FDO10
5282,FDU35
5283,NCA30
5284,NCO41
5285,FDI24
5286,FDZ16
5287,FDV47
5288,FDV16
5289,FDZ22
5290,FDO20
5291,FDW38
5292,FDW52
5293,FDT43
5294,NCS29
5295,NCC31
5296,FDA21
5297,FDQ55
5298,NCE54
5299,FDD45
5300,NCP17
5301,FDR47
5302,DRM35
5303,FDR47
5304,FDX19
5305,FDV22
5306,FDQ46
5307,DRO47
5308,FDB44
5309,FDN02
5310,FDW10
5311,FDJ41
5312,FDM50
5313,FDW10
5314,FDY48
5315,NCE30
5316,FDO04
5317,FDQ26
5318,NCX29
5319,FDE39
5320,NCR54
5321,NCP55
5322,FDX22
5323,FDI05
5324,FDC51
5325,FDC10
5326,FDJ46
5327,FDV10
5328,FDX12
5329,FDL43
5330,DRB13
5331,FDF59
5332,FDT35
5333,NCJ19
5334,FDT35
5335,FDI48
5336,DRC24
5337,NCZ05
5338,FDJ57
5339,FDX11
5340,FDE09
5341,NCK06
5342,DRE37
5343,FDV56
5344,FDY43
5345,FDV35
5346,FDF05
5347,FDA36
5348,FDS13
5349,FDU47
5350,FDI36
5351,FDH48
5352,FDZ14
5353,FDS46
5354,FDE21
5355,FDA26
5356,FDV12
5357,FDL46
5358,FDN57
5359,NCJ18
5360,FDO36
5361,FDX55
5362,FDT25
5363,FDD16
5364,NCX18
5365,NCG55
5366,NCV18
5367,NCS18
5368,FDC37
5369,FDE47
5370,DRG49
5371,FDC39
5372,FDH24
5373,FDV39
5374,NCL17
5375,NCY53
5376,FDH52
5377,NCD19
5378,FDI44
5379,DRD49
5380,FDN08
5381,FDO20
5382,FDY02
5383,FDX23
5384,FDX01
5385,FDH20
5386,NCX41
5387,FDD21
5388,DRH11
5389,DRE60
5390,FDB10
5391,FDH38
5392,NCL07
5393,FDD48
5394,NCT54
5395,FDF32
5396,DRH51
5397,DRG03
5398,NCY42
5399,FDH32
5400,NCJ06
5401,FDH47
5402,FDZ08
5403,FDK16
5404,DRG01
5405,NCM53
5406,NCB07
5407,NCZ06
5408,FDU48
5409,NCB55
5410,FDP15
5411,FDF17
5412,NCN06
5413,DRM48
5414,FDH10
5415,FDC60
5416,FDE35
5417,DRI23
5418,NCR38
5419,FDP04
5420,NCW17
5421,FDX34
5422,NCK53
5423,NCO54
5424,NCH55
5425,FDT44
5426,DRG49
5427,FDX46
5428,DRG36
5429,FDU37
5430,FDK10
5431,DRF37
5432,FDC44
5433,FDP15
5434,FDZ27
5435,FDY22
5436,DRG51
5437,FDN58
5438,FDW01
5439,FDX24
5440,FDO51
5441,FDJ52
5442,NCY06
5443,FDE20
5444,FDT23
5445,FDQ51
5446,FDE35
5447,FDB46
5448,NCG19
5449,NCL06
5450,FDT36
5451,FDC56
5452,FDJ26
5453,FDZ59
5454,FDV11
5455,FDR13
5456,FDI15
5457,FDF47
5458,NCB54
5459,NCK19
5460,FDX16
5461,FDL50
5462,NCE31
5463,DRJ01
5464,FDE22
5465,FDY20
5466,NCO14
5467,NCR50
5468,DRM47
5469,FDO27
5470,FDJ20
5471,NCX17
5472,FDG59
5473,FDD52
5474,FDO48
5475,FDC59
5476,FDS15
5477,FDB47
5478,FDV14
5479,FDB27
5480,FDA35
5481,FDN51
5482,FDO39
5483,FDB28
5484,DRJ25
5485,FDH46
5486,FDI10
5487,FDU21
5488,FDD09
5489,FDD10
5490,FDN31
5491,FDA46
5492,FDM56
5493,FDF11
5494,FDS32
5495,NCM06
5496,FDZ26
5497,FDO01
5498,FDJ46
5499,FDG26
5500,FDZ38
5501,NCO55
5502,FDT60
5503,FDW37
5504,NCK42
5505,FDA45
5506,FDW55
5507,FDY44
5508,FDQ31
5509,FDM09
5510,FDH12
5511,NCQ43
5512,FDT33
5513,NCT41
5514,DRJ25
5515,NCQ41
5516,NCN17
5517,DRO35
5518,FDU27
5519,FDY43
5520,FDG46
5521,DRL49
5522,NCB55
5523,FDK28
5524,FDO49
5525,FDT03
5526,FDW33
5527,FDR02
5528,FDF50
5529,FDA40
5530,NCT53
5531,FDY60
5532,FDP44
5533,NCQ50
5534,NCC30
5535,FDQ60
5536,FDG41
5537,FDQ03
5538,FDM03
5539,FDZ51
5540,DRF51
5541,FDF39
5542,FDW52
5543,FDY22
5544,FDG14
5545,FDA57
5546,FDL45
5547,FDX28
5548,NCQ54
5549,FDH40
5550,FDU52
5551,FDT60
5552,FDK08
5553,FDN04
5554,FDE50
5555,FDI16
5556,FDM50
5557,NCV30
5558,FDT44
5559,FDY60
5560,FDT56
5561,FDV58
5562,FDU04
5563,NCN05
5564,FDI53
5565,FDD34
5566,FDW47
5567,FDT51
5568,FDO27
5569,NCQ18
5570,NCW05
5571,FDI15
5572,NCH43
5573,FDT40
5574,NCG19
5575,NCM30
5576,FDB38
5577,FDB22
5578,FDC58
5579,NCI29
5580,FDA23
5581,DRG48
5582,FDV21
5583,NCG18
5584,FDG40
5585,FDU24
5586,FDA22
5587,FDY35
5588,FDJ15
5589,NCW18
5590,FDK56
5591,FDF44
5592,FDP51
5593,FDU22
5594,FDM28
5595,NCL42
5596,FDJ15
5597,FDI32
5598,DRL11
5599,DRO59
5600,FDA07
5601,NCO53
5602,FDO21
5603,FDW39
5604,NCV17
5605,FDE22
5606,NCB06
5607,DRF48
5608,FDB05
5609,FDP28
5610,FDP23
5611,NCS41
5612,FDS40
5613,FDA16
5614,FDN20
5615,FDF04
5616,DRG36
5617,FDW16
5618,FDU09
5619,FDW01
5620,FDB15
5621,NCJ17
5622,NCT18
5623,FDG16
5624,FDP27
5625,FDQ44
5626,FDL50
5627,FDW57
5628,FDS34
5629,NCV30
5630,FDD26
5631,FDA03
5632,FDS27
5633,FDM12
5634,NCV42
5635,NCS41
5636,FDN56
5637,DRK59
5638,NCG18
5639,NCN26
5640,FDI60
5641,NCI43
5642,NCL17
5643,FDQ19
5644,FDY43
5645,FDR36
5646,FDJ58
5647,DRY23
5648,FDK26
5649,DRH03
5650,FDC10
5651,FDD23
5652,FDP32
5653,FDO31
5654,FDQ57
5655,FDX32
5656,FDC39
5657,FDU55
5658,FDL45
5659,DRK37
5660,FDK22
5661,DRG37
5662,FDK22
5663,DRH36
5664,DRC36
5665,DRE03
5666,FDF34
5667,FDZ22
5668,FDC44
5669,FDN31
5670,FDO03
5671,FDA01
5672,NCH42
5673,FDF46
5674,DRL35
5675,FDW46
5676,FDB58
5677,FDD47
5678,NCO17
5679,FDJ26
5680,FDU37
