,Outlet_Identifier
0,OUT049
1,OUT017
2,OUT010
3,OUT017
4,OUT027
5,OUT046
6,OUT018
7,OUT027
8,OUT045
9,OUT017
10,OUT017
11,OUT045
12,OUT019
13,OUT049
14,OUT013
15,OUT049
16,OUT045
17,OUT018
18,OUT027
19,OUT010
20,OUT013
21,OUT035
22,OUT046
23,OUT019
24,OUT035
25,OUT010
26,OUT035
27,OUT046
28,OUT046
29,OUT035
30,OUT019
31,OUT018
32,OUT018
33,OUT027
34,OUT017
35,OUT027
36,OUT027
37,OUT010
38,OUT017
39,OUT027
40,OUT018
41,OUT010
42,OUT017
43,OUT018
44,OUT010
45,OUT013
46,OUT010
47,OUT035
48,OUT035
49,OUT046
50,OUT046
51,OUT013
52,OUT017
53,OUT017
54,OUT027
55,OUT049
56,OUT013
57,OUT013
58,OUT019
59,OUT045
60,OUT035
61,OUT017
62,OUT027
63,OUT017
64,OUT045
65,OUT027
66,OUT017
67,OUT046
68,OUT013
69,OUT045
70,OUT049
71,OUT027
72,OUT018
73,OUT049
74,OUT045
75,OUT045
76,OUT019
77,OUT046
78,OUT019
79,OUT013
80,OUT035
81,OUT018
82,OUT046
83,OUT013
84,OUT017
85,OUT035
86,OUT046
87,OUT046
88,OUT045
89,OUT010
90,OUT045
91,OUT027
92,OUT027
93,OUT018
94,OUT013
95,OUT046
96,OUT017
97,OUT018
98,OUT045
99,OUT013
100,OUT018
101,OUT017
102,OUT017
103,OUT046
104,OUT019
105,OUT027
106,OUT019
107,OUT049
108,OUT027
109,OUT018
110,OUT010
111,OUT046
112,OUT010
113,OUT027
114,OUT035
115,OUT027
116,OUT046
117,OUT013
118,OUT035
119,OUT045
120,OUT027
121,OUT017
122,OUT035
123,OUT049
124,OUT018
125,OUT027
126,OUT045
127,OUT018
128,OUT018
129,OUT013
130,OUT018
131,OUT013
132,OUT035
133,OUT010
134,OUT049
135,OUT019
136,OUT018
137,OUT049
138,OUT019
139,OUT013
140,OUT010
141,OUT046
142,OUT049
143,OUT035
144,OUT035
145,OUT045
146,OUT035
147,OUT027
148,OUT017
149,OUT027
150,OUT049
151,OUT045
152,OUT010
153,OUT035
154,OUT018
155,OUT013
156,OUT018
157,OUT049
158,OUT045
159,OUT049
160,OUT017
161,OUT035
162,OUT013
163,OUT046
164,OUT049
165,OUT010
166,OUT027
167,OUT049
168,OUT045
169,OUT010
170,OUT045
171,OUT017
172,OUT010
173,OUT010
174,OUT017
175,OUT018
176,OUT027
177,OUT027
178,OUT027
179,OUT027
180,OUT035
181,OUT018
182,OUT035
183,OUT017
184,OUT010
185,OUT049
186,OUT035
187,OUT013
188,OUT049
189,OUT035
190,OUT046
191,OUT018
192,OUT046
193,OUT019
194,OUT035
195,OUT027
196,OUT019
197,OUT017
198,OUT046
199,OUT019
200,OUT027
201,OUT045
202,OUT017
203,OUT045
204,OUT018
205,OUT046
206,OUT049
207,OUT017
208,OUT035
209,OUT046
210,OUT027
211,OUT019
212,OUT018
213,OUT017
214,OUT013
215,OUT017
216,OUT019
217,OUT027
218,OUT046
219,OUT046
220,OUT019
221,OUT013
222,OUT046
223,OUT035
224,OUT045
225,OUT035
226,OUT018
227,OUT046
228,OUT019
229,OUT017
230,OUT013
231,OUT010
232,OUT035
233,OUT045
234,OUT046
235,OUT049
236,OUT017
237,OUT046
238,OUT019
239,OUT017
240,OUT010
241,OUT017
242,OUT010
243,OUT017
244,OUT010
245,OUT017
246,OUT013
247,OUT049
248,OUT010
249,OUT017
250,OUT045
251,OUT010
252,OUT019
253,OUT017
254,OUT017
255,OUT035
256,OUT035
257,OUT027
258,OUT046
259,OUT013
260,OUT017
261,OUT049
262,OUT018
263,OUT027
264,OUT049
265,OUT046
266,OUT018
267,OUT017
268,OUT049
269,OUT027
270,OUT017
271,OUT045
272,OUT027
273,OUT013
274,OUT035
275,OUT035
276,OUT049
277,OUT045
278,OUT046
279,OUT018
280,OUT027
281,OUT018
282,OUT017
283,OUT049
284,OUT027
285,OUT049
286,OUT019
287,OUT049
288,OUT013
289,OUT046
290,OUT013
291,OUT013
292,OUT046
293,OUT027
294,OUT027
295,OUT013
296,OUT045
297,OUT045
298,OUT010
299,OUT018
300,OUT010
301,OUT017
302,OUT046
303,OUT035
304,OUT035
305,OUT035
306,OUT027
307,OUT046
308,OUT013
309,OUT027
310,OUT013
311,OUT013
312,OUT018
313,OUT017
314,OUT017
315,OUT018
316,OUT017
317,OUT046
318,OUT045
319,OUT018
320,OUT049
321,OUT018
322,OUT013
323,OUT045
324,OUT035
325,OUT027
326,OUT010
327,OUT045
328,OUT035
329,OUT018
330,OUT019
331,OUT017
332,OUT017
333,OUT019
334,OUT017
335,OUT017
336,OUT017
337,OUT045
338,OUT027
339,OUT017
340,OUT018
341,OUT017
342,OUT049
343,OUT046
344,OUT049
345,OUT027
346,OUT017
347,OUT027
348,OUT046
349,OUT049
350,OUT045
351,OUT013
352,OUT019
353,OUT035
354,OUT013
355,OUT018
356,OUT045
357,OUT017
358,OUT049
359,OUT013
360,OUT010
361,OUT035
362,OUT035
363,OUT045
364,OUT018
365,OUT018
366,OUT018
367,OUT035
368,OUT013
369,OUT046
370,OUT017
371,OUT019
372,OUT019
373,OUT027
374,OUT017
375,OUT046
376,OUT017
377,OUT010
378,OUT017
379,OUT045
380,OUT049
381,OUT035
382,OUT017
383,OUT019
384,OUT045
385,OUT019
386,OUT010
387,OUT046
388,OUT049
389,OUT045
390,OUT046
391,OUT013
392,OUT045
393,OUT019
394,OUT017
395,OUT046
396,OUT049
397,OUT045
398,OUT027
399,OUT018
400,OUT046
401,OUT035
402,OUT027
403,OUT019
404,OUT046
405,OUT035
406,OUT049
407,OUT045
408,OUT045
409,OUT010
410,OUT049
411,OUT018
412,OUT045
413,OUT018
414,OUT046
415,OUT019
416,OUT049
417,OUT035
418,OUT019
419,OUT027
420,OUT046
421,OUT027
422,OUT046
423,OUT035
424,OUT013
425,OUT018
426,OUT035
427,OUT049
428,OUT045
429,OUT013
430,OUT018
431,OUT046
432,OUT010
433,OUT013
434,OUT018
435,OUT027
436,OUT010
437,OUT013
438,OUT045
439,OUT018
440,OUT045
441,OUT049
442,OUT049
443,OUT018
444,OUT018
445,OUT013
446,OUT035
447,OUT046
448,OUT027
449,OUT018
450,OUT010
451,OUT010
452,OUT046
453,OUT017
454,OUT045
455,OUT035
456,OUT027
457,OUT035
458,OUT049
459,OUT049
460,OUT013
461,OUT017
462,OUT049
463,OUT018
464,OUT027
465,OUT019
466,OUT017
467,OUT017
468,OUT013
469,OUT017
470,OUT049
471,OUT018
472,OUT013
473,OUT010
474,OUT019
475,OUT045
476,OUT046
477,OUT049
478,OUT019
479,OUT010
480,OUT045
481,OUT018
482,OUT027
483,OUT049
484,OUT017
485,OUT017
486,OUT049
487,OUT045
488,OUT045
489,OUT046
490,OUT018
491,OUT046
492,OUT045
493,OUT013
494,OUT010
495,OUT027
496,OUT035
497,OUT027
498,OUT049
499,OUT013
500,OUT046
501,OUT010
502,OUT013
503,OUT045
504,OUT035
505,OUT018
506,OUT010
507,OUT046
508,OUT027
509,OUT045
510,OUT018
511,OUT017
512,OUT019
513,OUT017
514,OUT049
515,OUT045
516,OUT019
517,OUT035
518,OUT045
519,OUT019
520,OUT045
521,OUT018
522,OUT046
523,OUT049
524,OUT027
525,OUT027
526,OUT035
527,OUT027
528,OUT019
529,OUT035
530,OUT045
531,OUT017
532,OUT035
533,OUT017
534,OUT019
535,OUT017
536,OUT045
537,OUT049
538,OUT017
539,OUT017
540,OUT049
541,OUT019
542,OUT049
543,OUT019
544,OUT049
545,OUT027
546,OUT018
547,OUT010
548,OUT046
549,OUT049
550,OUT017
551,OUT013
552,OUT019
553,OUT027
554,OUT018
555,OUT018
556,OUT027
557,OUT019
558,OUT049
559,OUT049
560,OUT045
561,OUT049
562,OUT018
563,OUT013
564,OUT049
565,OUT013
566,OUT027
567,OUT045
568,OUT049
569,OUT013
570,OUT045
571,OUT013
572,OUT018
573,OUT018
574,OUT027
575,OUT010
576,OUT010
577,OUT045
578,OUT010
579,OUT035
580,OUT017
581,OUT019
582,OUT027
583,OUT027
584,OUT017
585,OUT045
586,OUT045
587,OUT046
588,OUT046
589,OUT017
590,OUT013
591,OUT045
592,OUT045
593,OUT027
594,OUT045
595,OUT013
596,OUT017
597,OUT013
598,OUT027
599,OUT018
600,OUT027
601,OUT027
602,OUT018
603,OUT049
604,OUT017
605,OUT027
606,OUT013
607,OUT035
608,OUT046
609,OUT010
610,OUT010
611,OUT046
612,OUT018
613,OUT018
614,OUT013
615,OUT010
616,OUT049
617,OUT049
618,OUT027
619,OUT019
620,OUT010
621,OUT010
622,OUT045
623,OUT013
624,OUT049
625,OUT013
626,OUT018
627,OUT045
628,OUT049
629,OUT035
630,OUT017
631,OUT046
632,OUT017
633,OUT049
634,OUT018
635,OUT010
636,OUT013
637,OUT019
638,OUT045
639,OUT018
640,OUT018
641,OUT013
642,OUT027
643,OUT035
644,OUT045
645,OUT045
646,OUT045
647,OUT049
648,OUT046
649,OUT019
650,OUT027
651,OUT035
652,OUT018
653,OUT035
654,OUT049
655,OUT046
656,OUT013
657,OUT019
658,OUT027
659,OUT027
660,OUT049
661,OUT017
662,OUT013
663,OUT046
664,OUT013
665,OUT017
666,OUT035
667,OUT046
668,OUT046
669,OUT027
670,OUT017
671,OUT018
672,OUT013
673,OUT018
674,OUT010
675,OUT045
676,OUT013
677,OUT018
678,OUT049
679,OUT013
680,OUT049
681,OUT027
682,OUT035
683,OUT019
684,OUT018
685,OUT045
686,OUT046
687,OUT013
688,OUT045
689,OUT010
690,OUT027
691,OUT035
692,OUT045
693,OUT049
694,OUT019
695,OUT046
696,OUT045
697,OUT045
698,OUT035
699,OUT045
700,OUT046
701,OUT035
702,OUT049
703,OUT019
704,OUT027
705,OUT046
706,OUT035
707,OUT017
708,OUT027
709,OUT017
710,OUT018
711,OUT017
712,OUT035
713,OUT035
714,OUT045
715,OUT017
716,OUT013
717,OUT010
718,OUT017
719,OUT045
720,OUT049
721,OUT010
722,OUT019
723,OUT035
724,OUT018
725,OUT013
726,OUT045
727,OUT013
728,OUT027
729,OUT013
730,OUT045
731,OUT049
732,OUT049
733,OUT010
734,OUT027
735,OUT049
736,OUT018
737,OUT049
738,OUT017
739,OUT049
740,OUT045
741,OUT035
742,OUT045
743,OUT046
744,OUT017
745,OUT017
746,OUT035
747,OUT027
748,OUT035
749,OUT017
750,OUT027
751,OUT018
752,OUT046
753,OUT035
754,OUT049
755,OUT049
756,OUT013
757,OUT049
758,OUT013
759,OUT018
760,OUT045
761,OUT013
762,OUT017
763,OUT049
764,OUT018
765,OUT035
766,OUT027
767,OUT045
768,OUT049
769,OUT018
770,OUT049
771,OUT018
772,OUT046
773,OUT010
774,OUT019
775,OUT017
776,OUT018
777,OUT017
778,OUT046
779,OUT027
780,OUT027
781,OUT013
782,OUT035
783,OUT045
784,OUT018
785,OUT010
786,OUT046
787,OUT018
788,OUT035
789,OUT045
790,OUT017
791,OUT018
792,OUT018
793,OUT017
794,OUT049
795,OUT018
796,OUT017
797,OUT013
798,OUT018
799,OUT010
800,OUT045
801,OUT017
802,OUT018
803,OUT019
804,OUT045
805,OUT017
806,OUT049
807,OUT046
808,OUT049
809,OUT046
810,OUT046
811,OUT049
812,OUT049
813,OUT049
814,OUT046
815,OUT049
816,OUT017
817,OUT017
818,OUT045
819,OUT013
820,OUT010
821,OUT035
822,OUT010
823,OUT018
824,OUT019
825,OUT035
826,OUT035
827,OUT035
828,OUT046
829,OUT018
830,OUT013
831,OUT010
832,OUT045
833,OUT046
834,OUT013
835,OUT027
836,OUT045
837,OUT045
838,OUT049
839,OUT018
840,OUT027
841,OUT019
842,OUT018
843,OUT046
844,OUT013
845,OUT010
846,OUT018
847,OUT045
848,OUT018
849,OUT018
850,OUT027
851,OUT035
852,OUT027
853,OUT049
854,OUT017
855,OUT018
856,OUT035
857,OUT017
858,OUT019
859,OUT017
860,OUT049
861,OUT027
862,OUT045
863,OUT035
864,OUT013
865,OUT010
866,OUT027
867,OUT045
868,OUT035
869,OUT013
870,OUT049
871,OUT019
872,OUT017
873,OUT049
874,OUT035
875,OUT010
876,OUT018
877,OUT049
878,OUT049
879,OUT017
880,OUT035
881,OUT027
882,OUT027
883,OUT018
884,OUT027
885,OUT018
886,OUT027
887,OUT019
888,OUT019
889,OUT049
890,OUT045
891,OUT045
892,OUT013
893,OUT013
894,OUT045
895,OUT017
896,OUT027
897,OUT046
898,OUT049
899,OUT018
900,OUT018
901,OUT035
902,OUT045
903,OUT019
904,OUT017
905,OUT027
906,OUT013
907,OUT013
908,OUT049
909,OUT017
910,OUT035
911,OUT010
912,OUT046
913,OUT046
914,OUT046
915,OUT017
916,OUT010
917,OUT049
918,OUT027
919,OUT049
920,OUT027
921,OUT013
922,OUT013
923,OUT018
924,OUT046
925,OUT046
926,OUT027
927,OUT013
928,OUT049
929,OUT018
930,OUT010
931,OUT027
932,OUT027
933,OUT046
934,OUT027
935,OUT049
936,OUT010
937,OUT013
938,OUT010
939,OUT035
940,OUT027
941,OUT046
942,OUT027
943,OUT010
944,OUT017
945,OUT010
946,OUT013
947,OUT045
948,OUT035
949,OUT027
950,OUT027
951,OUT027
952,OUT017
953,OUT027
954,OUT035
955,OUT013
956,OUT018
957,OUT046
958,OUT046
959,OUT035
960,OUT035
961,OUT027
962,OUT045
963,OUT010
964,OUT018
965,OUT049
966,OUT049
967,OUT049
968,OUT013
969,OUT019
970,OUT027
971,OUT013
972,OUT027
973,OUT017
974,OUT017
975,OUT013
976,OUT027
977,OUT046
978,OUT035
979,OUT013
980,OUT045
981,OUT049
982,OUT045
983,OUT017
984,OUT045
985,OUT017
986,OUT017
987,OUT035
988,OUT049
989,OUT027
990,OUT017
991,OUT013
992,OUT035
993,OUT035
994,OUT027
995,OUT046
996,OUT017
997,OUT049
998,OUT035
999,OUT045
1000,OUT027
1001,OUT027
1002,OUT027
1003,OUT049
1004,OUT035
1005,OUT045
1006,OUT013
1007,OUT045
1008,OUT045
1009,OUT017
1010,OUT046
1011,OUT019
1012,OUT013
1013,OUT046
1014,OUT017
1015,OUT017
1016,OUT035
1017,OUT013
1018,OUT035
1019,OUT018
1020,OUT027
1021,OUT046
1022,OUT027
1023,OUT010
1024,OUT013
1025,OUT046
1026,OUT018
1027,OUT046
1028,OUT046
1029,OUT027
1030,OUT035
1031,OUT049
1032,OUT018
1033,OUT046
1034,OUT046
1035,OUT027
1036,OUT049
1037,OUT045
1038,OUT027
1039,OUT045
1040,OUT027
1041,OUT045
1042,OUT010
1043,OUT027
1044,OUT013
1045,OUT049
1046,OUT019
1047,OUT018
1048,OUT027
1049,OUT013
1050,OUT035
1051,OUT027
1052,OUT019
1053,OUT017
1054,OUT049
1055,OUT046
1056,OUT049
1057,OUT049
1058,OUT046
1059,OUT046
1060,OUT018
1061,OUT046
1062,OUT018
1063,OUT017
1064,OUT010
1065,OUT027
1066,OUT049
1067,OUT045
1068,OUT035
1069,OUT019
1070,OUT019
1071,OUT046
1072,OUT027
1073,OUT018
1074,OUT049
1075,OUT027
1076,OUT049
1077,OUT045
1078,OUT045
1079,OUT045
1080,OUT045
1081,OUT046
1082,OUT010
1083,OUT045
1084,OUT045
1085,OUT035
1086,OUT027
1087,OUT035
1088,OUT035
1089,OUT018
1090,OUT046
1091,OUT035
1092,OUT035
1093,OUT045
1094,OUT046
1095,OUT027
1096,OUT013
1097,OUT018
1098,OUT049
1099,OUT018
1100,OUT013
1101,OUT046
1102,OUT035
1103,OUT045
1104,OUT045
1105,OUT027
1106,OUT013
1107,OUT017
1108,OUT010
1109,OUT046
1110,OUT017
1111,OUT046
1112,OUT035
1113,OUT017
1114,OUT045
1115,OUT046
1116,OUT046
1117,OUT045
1118,OUT013
1119,OUT045
1120,OUT027
1121,OUT017
1122,OUT013
1123,OUT013
1124,OUT013
1125,OUT027
1126,OUT010
1127,OUT018
1128,OUT013
1129,OUT017
1130,OUT027
1131,OUT018
1132,OUT045
1133,OUT017
1134,OUT010
1135,OUT013
1136,OUT018
1137,OUT027
1138,OUT018
1139,OUT027
1140,OUT013
1141,OUT045
1142,OUT013
1143,OUT017
1144,OUT013
1145,OUT018
1146,OUT027
1147,OUT018
1148,OUT013
1149,OUT019
1150,OUT018
1151,OUT035
1152,OUT017
1153,OUT049
1154,OUT049
1155,OUT035
1156,OUT045
1157,OUT046
1158,OUT035
1159,OUT035
1160,OUT018
1161,OUT049
1162,OUT013
1163,OUT035
1164,OUT019
1165,OUT046
1166,OUT013
1167,OUT045
1168,OUT045
1169,OUT045
1170,OUT017
1171,OUT017
1172,OUT027
1173,OUT017
1174,OUT049
1175,OUT027
1176,OUT017
1177,OUT017
1178,OUT018
1179,OUT018
1180,OUT017
1181,OUT046
1182,OUT049
1183,OUT018
1184,OUT035
1185,OUT013
1186,OUT018
1187,OUT049
1188,OUT013
1189,OUT049
1190,OUT035
1191,OUT019
1192,OUT027
1193,OUT017
1194,OUT027
1195,OUT019
1196,OUT010
1197,OUT046
1198,OUT046
1199,OUT017
1200,OUT018
1201,OUT013
1202,OUT017
1203,OUT027
1204,OUT010
1205,OUT046
1206,OUT045
1207,OUT018
1208,OUT045
1209,OUT035
1210,OUT046
1211,OUT045
1212,OUT049
1213,OUT013
1214,OUT018
1215,OUT046
1216,OUT045
1217,OUT018
1218,OUT017
1219,OUT013
1220,OUT027
1221,OUT027
1222,OUT046
1223,OUT018
1224,OUT019
1225,OUT045
1226,OUT049
1227,OUT045
1228,OUT027
1229,OUT027
1230,OUT035
1231,OUT049
1232,OUT027
1233,OUT019
1234,OUT019
1235,OUT035
1236,OUT017
1237,OUT013
1238,OUT010
1239,OUT049
1240,OUT027
1241,OUT035
1242,OUT013
1243,OUT017
1244,OUT046
1245,OUT049
1246,OUT018
1247,OUT013
1248,OUT013
1249,OUT018
1250,OUT019
1251,OUT035
1252,OUT017
1253,OUT049
1254,OUT035
1255,OUT045
1256,OUT010
1257,OUT013
1258,OUT017
1259,OUT019
1260,OUT045
1261,OUT046
1262,OUT018
1263,OUT045
1264,OUT018
1265,OUT017
1266,OUT049
1267,OUT017
1268,OUT027
1269,OUT018
1270,OUT019
1271,OUT035
1272,OUT013
1273,OUT010
1274,OUT046
1275,OUT027
1276,OUT013
1277,OUT013
1278,OUT013
1279,OUT046
1280,OUT013
1281,OUT027
1282,OUT035
1283,OUT010
1284,OUT027
1285,OUT027
1286,OUT035
1287,OUT010
1288,OUT035
1289,OUT046
1290,OUT046
1291,OUT035
1292,OUT046
1293,OUT013
1294,OUT019
1295,OUT049
1296,OUT013
1297,OUT027
1298,OUT018
1299,OUT027
1300,OUT027
1301,OUT010
1302,OUT017
1303,OUT017
1304,OUT013
1305,OUT010
1306,OUT035
1307,OUT013
1308,OUT035
1309,OUT046
1310,OUT045
1311,OUT049
1312,OUT049
1313,OUT019
1314,OUT046
1315,OUT049
1316,OUT045
1317,OUT035
1318,OUT045
1319,OUT035
1320,OUT017
1321,OUT018
1322,OUT049
1323,OUT017
1324,OUT027
1325,OUT017
1326,OUT017
1327,OUT046
1328,OUT027
1329,OUT010
1330,OUT013
1331,OUT045
1332,OUT019
1333,OUT035
1334,OUT045
1335,OUT017
1336,OUT018
1337,OUT049
1338,OUT018
1339,OUT010
1340,OUT018
1341,OUT017
1342,OUT010
1343,OUT049
1344,OUT045
1345,OUT019
1346,OUT027
1347,OUT049
1348,OUT019
1349,OUT018
1350,OUT027
1351,OUT035
1352,OUT045
1353,OUT049
1354,OUT018
1355,OUT017
1356,OUT027
1357,OUT046
1358,OUT049
1359,OUT045
1360,OUT018
1361,OUT010
1362,OUT017
1363,OUT019
1364,OUT027
1365,OUT018
1366,OUT046
1367,OUT035
1368,OUT019
1369,OUT010
1370,OUT046
1371,OUT013
1372,OUT013
1373,OUT018
1374,OUT045
1375,OUT027
1376,OUT013
1377,OUT010
1378,OUT049
1379,OUT035
1380,OUT013
1381,OUT018
1382,OUT013
1383,OUT049
1384,OUT035
1385,OUT019
1386,OUT018
1387,OUT018
1388,OUT027
1389,OUT045
1390,OUT035
1391,OUT017
1392,OUT035
1393,OUT017
1394,OUT013
1395,OUT018
1396,OUT045
1397,OUT035
1398,OUT035
1399,OUT049
1400,OUT010
1401,OUT019
1402,OUT049
1403,OUT046
1404,OUT046
1405,OUT018
1406,OUT035
1407,OUT035
1408,OUT045
1409,OUT018
1410,OUT027
1411,OUT010
1412,OUT017
1413,OUT013
1414,OUT013
1415,OUT013
1416,OUT045
1417,OUT035
1418,OUT035
1419,OUT018
1420,OUT013
1421,OUT045
1422,OUT035
1423,OUT045
1424,OUT013
1425,OUT046
1426,OUT027
1427,OUT049
1428,OUT027
1429,OUT013
1430,OUT018
1431,OUT027
1432,OUT049
1433,OUT035
1434,OUT035
1435,OUT019
1436,OUT049
1437,OUT027
1438,OUT017
1439,OUT019
1440,OUT046
1441,OUT046
1442,OUT013
1443,OUT046
1444,OUT035
1445,OUT010
1446,OUT049
1447,OUT035
1448,OUT035
1449,OUT035
1450,OUT045
1451,OUT017
1452,OUT046
1453,OUT027
1454,OUT045
1455,OUT019
1456,OUT018
1457,OUT049
1458,OUT027
1459,OUT018
1460,OUT013
1461,OUT049
1462,OUT017
1463,OUT045
1464,OUT049
1465,OUT035
1466,OUT018
1467,OUT010
1468,OUT035
1469,OUT027
1470,OUT018
1471,OUT017
1472,OUT027
1473,OUT046
1474,OUT027
1475,OUT017
1476,OUT013
1477,OUT017
1478,OUT027
1479,OUT027
1480,OUT045
1481,OUT045
1482,OUT035
1483,OUT045
1484,OUT013
1485,OUT045
1486,OUT027
1487,OUT010
1488,OUT027
1489,OUT049
1490,OUT045
1491,OUT018
1492,OUT017
1493,OUT046
1494,OUT010
1495,OUT017
1496,OUT035
1497,OUT035
1498,OUT046
1499,OUT045
1500,OUT019
1501,OUT018
1502,OUT010
1503,OUT027
1504,OUT045
1505,OUT019
1506,OUT035
1507,OUT035
1508,OUT046
1509,OUT035
1510,OUT019
1511,OUT046
1512,OUT018
1513,OUT035
1514,OUT035
1515,OUT045
1516,OUT010
1517,OUT010
1518,OUT010
1519,OUT045
1520,OUT046
1521,OUT018
1522,OUT013
1523,OUT035
1524,OUT027
1525,OUT019
1526,OUT018
1527,OUT046
1528,OUT046
1529,OUT046
1530,OUT010
1531,OUT019
1532,OUT049
1533,OUT018
1534,OUT049
1535,OUT045
1536,OUT035
1537,OUT027
1538,OUT018
1539,OUT046
1540,OUT027
1541,OUT045
1542,OUT013
1543,OUT027
1544,OUT019
1545,OUT049
1546,OUT027
1547,OUT010
1548,OUT027
1549,OUT045
1550,OUT013
1551,OUT017
1552,OUT019
1553,OUT027
1554,OUT046
1555,OUT035
1556,OUT049
1557,OUT049
1558,OUT013
1559,OUT013
1560,OUT049
1561,OUT035
1562,OUT010
1563,OUT045
1564,OUT019
1565,OUT013
1566,OUT013
1567,OUT035
1568,OUT045
1569,OUT018
1570,OUT027
1571,OUT027
1572,OUT018
1573,OUT017
1574,OUT013
1575,OUT046
1576,OUT049
1577,OUT010
1578,OUT046
1579,OUT046
1580,OUT046
1581,OUT046
1582,OUT045
1583,OUT017
1584,OUT027
1585,OUT045
1586,OUT013
1587,OUT046
1588,OUT027
1589,OUT017
1590,OUT049
1591,OUT019
1592,OUT035
1593,OUT019
1594,OUT035
1595,OUT049
1596,OUT035
1597,OUT018
1598,OUT013
1599,OUT018
1600,OUT027
1601,OUT049
1602,OUT018
1603,OUT049
1604,OUT013
1605,OUT018
1606,OUT027
1607,OUT045
1608,OUT045
1609,OUT035
1610,OUT035
1611,OUT010
1612,OUT013
1613,OUT049
1614,OUT017
1615,OUT013
1616,OUT010
1617,OUT017
1618,OUT045
1619,OUT035
1620,OUT035
1621,OUT027
1622,OUT027
1623,OUT018
1624,OUT018
1625,OUT018
1626,OUT045
1627,OUT017
1628,OUT013
1629,OUT019
1630,OUT018
1631,OUT027
1632,OUT049
1633,OUT046
1634,OUT017
1635,OUT046
1636,OUT017
1637,OUT017
1638,OUT027
1639,OUT045
1640,OUT017
1641,OUT017
1642,OUT035
1643,OUT035
1644,OUT010
1645,OUT018
1646,OUT045
1647,OUT027
1648,OUT010
1649,OUT049
1650,OUT017
1651,OUT010
1652,OUT017
1653,OUT035
1654,OUT035
1655,OUT018
1656,OUT017
1657,OUT049
1658,OUT046
1659,OUT017
1660,OUT046
1661,OUT049
1662,OUT013
1663,OUT045
1664,OUT010
1665,OUT035
1666,OUT013
1667,OUT035
1668,OUT013
1669,OUT027
1670,OUT017
1671,OUT017
1672,OUT018
1673,OUT013
1674,OUT045
1675,OUT017
1676,OUT010
1677,OUT046
1678,OUT017
1679,OUT018
1680,OUT035
1681,OUT017
1682,OUT027
1683,OUT013
1684,OUT019
1685,OUT013
1686,OUT045
1687,OUT046
1688,OUT017
1689,OUT035
1690,OUT013
1691,OUT013
1692,OUT017
1693,OUT018
1694,OUT035
1695,OUT049
1696,OUT017
1697,OUT049
1698,OUT035
1699,OUT049
1700,OUT035
1701,OUT027
1702,OUT018
1703,OUT017
1704,OUT046
1705,OUT013
1706,OUT017
1707,OUT013
1708,OUT045
1709,OUT035
1710,OUT010
1711,OUT013
1712,OUT027
1713,OUT035
1714,OUT049
1715,OUT013
1716,OUT027
1717,OUT018
1718,OUT010
1719,OUT035
1720,OUT045
1721,OUT013
1722,OUT045
1723,OUT046
1724,OUT027
1725,OUT027
1726,OUT027
1727,OUT046
1728,OUT045
1729,OUT045
1730,OUT046
1731,OUT018
1732,OUT035
1733,OUT019
1734,OUT046
1735,OUT018
1736,OUT046
1737,OUT035
1738,OUT018
1739,OUT018
1740,OUT035
1741,OUT019
1742,OUT046
1743,OUT010
1744,OUT010
1745,OUT035
1746,OUT035
1747,OUT018
1748,OUT035
1749,OUT035
1750,OUT049
1751,OUT018
1752,OUT017
1753,OUT046
1754,OUT035
1755,OUT018
1756,OUT017
1757,OUT017
1758,OUT018
1759,OUT035
1760,OUT018
1761,OUT035
1762,OUT017
1763,OUT045
1764,OUT018
1765,OUT018
1766,OUT049
1767,OUT017
1768,OUT035
1769,OUT013
1770,OUT045
1771,OUT046
1772,OUT045
1773,OUT027
1774,OUT049
1775,OUT027
1776,OUT018
1777,OUT017
1778,OUT019
1779,OUT027
1780,OUT049
1781,OUT019
1782,OUT046
1783,OUT019
1784,OUT045
1785,OUT019
1786,OUT018
1787,OUT013
1788,OUT018
1789,OUT046
1790,OUT010
1791,OUT013
1792,OUT049
1793,OUT045
1794,OUT027
1795,OUT046
1796,OUT018
1797,OUT049
1798,OUT046
1799,OUT049
1800,OUT018
1801,OUT027
1802,OUT017
1803,OUT045
1804,OUT013
1805,OUT019
1806,OUT017
1807,OUT019
1808,OUT049
1809,OUT027
1810,OUT035
1811,OUT045
1812,OUT010
1813,OUT013
1814,OUT049
1815,OUT010
1816,OUT046
1817,OUT045
1818,OUT049
1819,OUT010
1820,OUT027
1821,OUT017
1822,OUT046
1823,OUT010
1824,OUT045
1825,OUT013
1826,OUT046
1827,OUT035
1828,OUT013
1829,OUT018
1830,OUT010
1831,OUT017
1832,OUT018
1833,OUT013
1834,OUT018
1835,OUT046
1836,OUT019
1837,OUT027
1838,OUT018
1839,OUT046
1840,OUT049
1841,OUT035
1842,OUT045
1843,OUT035
1844,OUT027
1845,OUT035
1846,OUT018
1847,OUT017
1848,OUT046
1849,OUT049
1850,OUT035
1851,OUT027
1852,OUT019
1853,OUT013
1854,OUT018
1855,OUT035
1856,OUT013
1857,OUT010
1858,OUT018
1859,OUT046
1860,OUT017
1861,OUT013
1862,OUT017
1863,OUT045
1864,OUT013
1865,OUT035
1866,OUT027
1867,OUT049
1868,OUT013
1869,OUT049
1870,OUT046
1871,OUT046
1872,OUT019
1873,OUT045
1874,OUT018
1875,OUT046
1876,OUT027
1877,OUT049
1878,OUT045
1879,OUT045
1880,OUT046
1881,OUT049
1882,OUT049
1883,OUT017
1884,OUT045
1885,OUT010
1886,OUT027
1887,OUT010
1888,OUT035
1889,OUT017
1890,OUT035
1891,OUT018
1892,OUT046
1893,OUT046
1894,OUT019
1895,OUT035
1896,OUT046
1897,OUT018
1898,OUT017
1899,OUT045
1900,OUT049
1901,OUT010
1902,OUT019
1903,OUT049
1904,OUT017
1905,OUT046
1906,OUT027
1907,OUT013
1908,OUT046
1909,OUT045
1910,OUT017
1911,OUT010
1912,OUT013
1913,OUT046
1914,OUT017
1915,OUT019
1916,OUT010
1917,OUT027
1918,OUT045
1919,OUT019
1920,OUT046
1921,OUT046
1922,OUT045
1923,OUT027
1924,OUT035
1925,OUT046
1926,OUT018
1927,OUT017
1928,OUT046
1929,OUT013
1930,OUT035
1931,OUT010
1932,OUT049
1933,OUT035
1934,OUT027
1935,OUT027
1936,OUT017
1937,OUT046
1938,OUT017
1939,OUT035
1940,OUT017
1941,OUT017
1942,OUT018
1943,OUT018
1944,OUT035
1945,OUT046
1946,OUT027
1947,OUT045
1948,OUT010
1949,OUT035
1950,OUT035
1951,OUT035
1952,OUT035
1953,OUT046
1954,OUT013
1955,OUT019
1956,OUT027
1957,OUT027
1958,OUT045
1959,OUT010
1960,OUT027
1961,OUT046
1962,OUT046
1963,OUT018
1964,OUT049
1965,OUT045
1966,OUT049
1967,OUT017
1968,OUT013
1969,OUT010
1970,OUT019
1971,OUT013
1972,OUT019
1973,OUT010
1974,OUT010
1975,OUT049
1976,OUT045
1977,OUT013
1978,OUT027
1979,OUT027
1980,OUT017
1981,OUT027
1982,OUT027
1983,OUT017
1984,OUT049
1985,OUT018
1986,OUT017
1987,OUT035
1988,OUT017
1989,OUT010
1990,OUT049
1991,OUT013
1992,OUT017
1993,OUT045
1994,OUT027
1995,OUT013
1996,OUT027
1997,OUT035
1998,OUT046
1999,OUT035
2000,OUT018
2001,OUT019
2002,OUT045
2003,OUT035
2004,OUT049
2005,OUT046
2006,OUT013
2007,OUT035
2008,OUT018
2009,OUT013
2010,OUT019
2011,OUT045
2012,OUT010
2013,OUT013
2014,OUT049
2015,OUT046
2016,OUT049
2017,OUT046
2018,OUT045
2019,OUT010
2020,OUT049
2021,OUT045
2022,OUT049
2023,OUT035
2024,OUT035
2025,OUT027
2026,OUT046
2027,OUT035
2028,OUT027
2029,OUT013
2030,OUT018
2031,OUT046
2032,OUT027
2033,OUT035
2034,OUT018
2035,OUT046
2036,OUT027
2037,OUT045
2038,OUT018
2039,OUT035
2040,OUT035
2041,OUT013
2042,OUT017
2043,OUT027
2044,OUT017
2045,OUT017
2046,OUT018
2047,OUT046
2048,OUT035
2049,OUT018
2050,OUT017
2051,OUT018
2052,OUT045
2053,OUT045
2054,OUT018
2055,OUT035
2056,OUT046
2057,OUT019
2058,OUT045
2059,OUT017
2060,OUT018
2061,OUT035
2062,OUT027
2063,OUT046
2064,OUT046
2065,OUT035
2066,OUT035
2067,OUT035
2068,OUT049
2069,OUT017
2070,OUT049
2071,OUT018
2072,OUT010
2073,OUT017
2074,OUT018
2075,OUT019
2076,OUT018
2077,OUT027
2078,OUT045
2079,OUT045
2080,OUT017
2081,OUT035
2082,OUT010
2083,OUT010
2084,OUT046
2085,OUT035
2086,OUT018
2087,OUT035
2088,OUT018
2089,OUT049
2090,OUT027
2091,OUT035
2092,OUT013
2093,OUT035
2094,OUT045
2095,OUT017
2096,OUT049
2097,OUT017
2098,OUT018
2099,OUT049
2100,OUT018
2101,OUT035
2102,OUT049
2103,OUT046
2104,OUT045
2105,OUT046
2106,OUT018
2107,OUT045
2108,OUT046
2109,OUT045
2110,OUT045
2111,OUT013
2112,OUT018
2113,OUT017
2114,OUT013
2115,OUT010
2116,OUT046
2117,OUT049
2118,OUT018
2119,OUT013
2120,OUT045
2121,OUT035
2122,OUT027
2123,OUT027
2124,OUT017
2125,OUT018
2126,OUT013
2127,OUT017
2128,OUT027
2129,OUT017
2130,OUT045
2131,OUT010
2132,OUT013
2133,OUT049
2134,OUT018
2135,OUT019
2136,OUT027
2137,OUT046
2138,OUT045
2139,OUT046
2140,OUT027
2141,OUT013
2142,OUT027
2143,OUT017
2144,OUT027
2145,OUT035
2146,OUT019
2147,OUT049
2148,OUT013
2149,OUT035
2150,OUT045
2151,OUT013
2152,OUT046
2153,OUT046
2154,OUT027
2155,OUT035
2156,OUT027
2157,OUT017
2158,OUT017
2159,OUT035
2160,OUT045
2161,OUT046
2162,OUT019
2163,OUT010
2164,OUT027
2165,OUT018
2166,OUT045
2167,OUT019
2168,OUT017
2169,OUT027
2170,OUT035
2171,OUT035
2172,OUT018
2173,OUT045
2174,OUT018
2175,OUT035
2176,OUT046
2177,OUT018
2178,OUT013
2179,OUT019
2180,OUT019
2181,OUT017
2182,OUT017
2183,OUT046
2184,OUT018
2185,OUT027
2186,OUT010
2187,OUT027
2188,OUT018
2189,OUT045
2190,OUT049
2191,OUT018
2192,OUT017
2193,OUT013
2194,OUT018
2195,OUT017
2196,OUT013
2197,OUT027
2198,OUT035
2199,OUT045
2200,OUT045
2201,OUT027
2202,OUT049
2203,OUT010
2204,OUT027
2205,OUT018
2206,OUT018
2207,OUT013
2208,OUT027
2209,OUT013
2210,OUT027
2211,OUT046
2212,OUT010
2213,OUT045
2214,OUT045
2215,OUT049
2216,OUT018
2217,OUT049
2218,OUT018
2219,OUT017
2220,OUT046
2221,OUT027
2222,OUT018
2223,OUT013
2224,OUT046
2225,OUT013
2226,OUT017
2227,OUT035
2228,OUT018
2229,OUT027
2230,OUT019
2231,OUT035
2232,OUT045
2233,OUT035
2234,OUT027
2235,OUT018
2236,OUT017
2237,OUT019
2238,OUT017
2239,OUT045
2240,OUT019
2241,OUT013
2242,OUT046
2243,OUT013
2244,OUT049
2245,OUT013
2246,OUT017
2247,OUT035
2248,OUT049
2249,OUT018
2250,OUT019
2251,OUT017
2252,OUT049
2253,OUT017
2254,OUT045
2255,OUT049
2256,OUT019
2257,OUT049
2258,OUT049
2259,OUT045
2260,OUT013
2261,OUT035
2262,OUT017
2263,OUT013
2264,OUT013
2265,OUT046
2266,OUT045
2267,OUT027
2268,OUT045
2269,OUT010
2270,OUT018
2271,OUT046
2272,OUT013
2273,OUT027
2274,OUT010
2275,OUT018
2276,OUT013
2277,OUT017
2278,OUT035
2279,OUT027
2280,OUT027
2281,OUT018
2282,OUT017
2283,OUT010
2284,OUT049
2285,OUT049
2286,OUT045
2287,OUT013
2288,OUT046
2289,OUT046
2290,OUT010
2291,OUT018
2292,OUT035
2293,OUT013
2294,OUT035
2295,OUT019
2296,OUT017
2297,OUT017
2298,OUT045
2299,OUT035
2300,OUT049
2301,OUT010
2302,OUT019
2303,OUT013
2304,OUT046
2305,OUT035
2306,OUT013
2307,OUT013
2308,OUT035
2309,OUT045
2310,OUT049
2311,OUT035
2312,OUT013
2313,OUT027
2314,OUT027
2315,OUT018
2316,OUT017
2317,OUT027
2318,OUT017
2319,OUT013
2320,OUT027
2321,OUT027
2322,OUT045
2323,OUT027
2324,OUT018
2325,OUT013
2326,OUT027
2327,OUT018
2328,OUT045
2329,OUT049
2330,OUT046
2331,OUT013
2332,OUT035
2333,OUT018
2334,OUT013
2335,OUT017
2336,OUT018
2337,OUT046
2338,OUT027
2339,OUT046
2340,OUT045
2341,OUT017
2342,OUT045
2343,OUT017
2344,OUT018
2345,OUT019
2346,OUT045
2347,OUT027
2348,OUT049
2349,OUT046
2350,OUT049
2351,OUT019
2352,OUT018
2353,OUT035
2354,OUT046
2355,OUT017
2356,OUT010
2357,OUT018
2358,OUT017
2359,OUT027
2360,OUT035
2361,OUT046
2362,OUT018
2363,OUT018
2364,OUT010
2365,OUT019
2366,OUT045
2367,OUT027
2368,OUT018
2369,OUT049
2370,OUT046
2371,OUT045
2372,OUT013
2373,OUT018
2374,OUT045
2375,OUT035
2376,OUT027
2377,OUT018
2378,OUT017
2379,OUT046
2380,OUT019
2381,OUT013
2382,OUT035
2383,OUT049
2384,OUT035
2385,OUT049
2386,OUT010
2387,OUT017
2388,OUT013
2389,OUT035
2390,OUT049
2391,OUT018
2392,OUT027
2393,OUT019
2394,OUT049
2395,OUT017
2396,OUT046
2397,OUT017
2398,OUT045
2399,OUT046
2400,OUT035
2401,OUT045
2402,OUT049
2403,OUT013
2404,OUT010
2405,OUT027
2406,OUT035
2407,OUT027
2408,OUT019
2409,OUT013
2410,OUT046
2411,OUT045
2412,OUT010
2413,OUT045
2414,OUT018
2415,OUT027
2416,OUT049
2417,OUT013
2418,OUT018
2419,OUT046
2420,OUT019
2421,OUT017
2422,OUT045
2423,OUT027
2424,OUT027
2425,OUT045
2426,OUT027
2427,OUT018
2428,OUT018
2429,OUT018
2430,OUT035
2431,OUT017
2432,OUT027
2433,OUT010
2434,OUT027
2435,OUT045
2436,OUT046
2437,OUT046
2438,OUT017
2439,OUT027
2440,OUT046
2441,OUT046
2442,OUT045
2443,OUT046
2444,OUT017
2445,OUT013
2446,OUT027
2447,OUT049
2448,OUT046
2449,OUT013
2450,OUT017
2451,OUT018
2452,OUT018
2453,OUT035
2454,OUT013
2455,OUT010
2456,OUT017
2457,OUT018
2458,OUT018
2459,OUT046
2460,OUT013
2461,OUT049
2462,OUT035
2463,OUT049
2464,OUT017
2465,OUT035
2466,OUT035
2467,OUT027
2468,OUT045
2469,OUT017
2470,OUT017
2471,OUT035
2472,OUT019
2473,OUT017
2474,OUT046
2475,OUT027
2476,OUT046
2477,OUT027
2478,OUT013
2479,OUT019
2480,OUT027
2481,OUT018
2482,OUT035
2483,OUT027
2484,OUT046
2485,OUT017
2486,OUT017
2487,OUT027
2488,OUT010
2489,OUT013
2490,OUT046
2491,OUT017
2492,OUT035
2493,OUT027
2494,OUT046
2495,OUT045
2496,OUT013
2497,OUT013
2498,OUT018
2499,OUT019
2500,OUT018
2501,OUT013
2502,OUT045
2503,OUT049
2504,OUT010
2505,OUT019
2506,OUT035
2507,OUT018
2508,OUT045
2509,OUT013
2510,OUT027
2511,OUT017
2512,OUT049
2513,OUT013
2514,OUT027
2515,OUT010
2516,OUT010
2517,OUT035
2518,OUT013
2519,OUT017
2520,OUT027
2521,OUT045
2522,OUT010
2523,OUT018
2524,OUT013
2525,OUT035
2526,OUT018
2527,OUT027
2528,OUT018
2529,OUT018
2530,OUT049
2531,OUT046
2532,OUT035
2533,OUT035
2534,OUT019
2535,OUT049
2536,OUT045
2537,OUT013
2538,OUT049
2539,OUT046
2540,OUT045
2541,OUT035
2542,OUT027
2543,OUT018
2544,OUT046
2545,OUT049
2546,OUT035
2547,OUT027
2548,OUT018
2549,OUT027
2550,OUT049
2551,OUT046
2552,OUT017
2553,OUT049
2554,OUT035
2555,OUT027
2556,OUT017
2557,OUT013
2558,OUT018
2559,OUT046
2560,OUT045
2561,OUT019
2562,OUT018
2563,OUT017
2564,OUT018
2565,OUT046
2566,OUT018
2567,OUT017
2568,OUT010
2569,OUT013
2570,OUT049
2571,OUT049
2572,OUT018
2573,OUT013
2574,OUT049
2575,OUT013
2576,OUT017
2577,OUT027
2578,OUT045
2579,OUT017
2580,OUT046
2581,OUT046
2582,OUT035
2583,OUT035
2584,OUT019
2585,OUT049
2586,OUT027
2587,OUT035
2588,OUT017
2589,OUT027
2590,OUT013
2591,OUT017
2592,OUT017
2593,OUT013
2594,OUT046
2595,OUT018
2596,OUT018
2597,OUT010
2598,OUT046
2599,OUT027
2600,OUT019
2601,OUT045
2602,OUT049
2603,OUT046
2604,OUT046
2605,OUT019
2606,OUT013
2607,OUT013
2608,OUT049
2609,OUT019
2610,OUT017
2611,OUT017
2612,OUT017
2613,OUT049
2614,OUT013
2615,OUT017
2616,OUT049
2617,OUT049
2618,OUT046
2619,OUT046
2620,OUT027
2621,OUT019
2622,OUT019
2623,OUT027
2624,OUT017
2625,OUT019
2626,OUT010
2627,OUT035
2628,OUT010
2629,OUT018
2630,OUT046
2631,OUT027
2632,OUT046
2633,OUT045
2634,OUT027
2635,OUT035
2636,OUT046
2637,OUT018
2638,OUT013
2639,OUT035
2640,OUT046
2641,OUT018
2642,OUT045
2643,OUT045
2644,OUT045
2645,OUT017
2646,OUT046
2647,OUT049
2648,OUT010
2649,OUT027
2650,OUT010
2651,OUT018
2652,OUT010
2653,OUT049
2654,OUT035
2655,OUT046
2656,OUT035
2657,OUT027
2658,OUT013
2659,OUT046
2660,OUT017
2661,OUT049
2662,OUT017
2663,OUT010
2664,OUT013
2665,OUT035
2666,OUT049
2667,OUT035
2668,OUT017
2669,OUT027
2670,OUT035
2671,OUT018
2672,OUT027
2673,OUT035
2674,OUT049
2675,OUT018
2676,OUT017
2677,OUT010
2678,OUT027
2679,OUT017
2680,OUT019
2681,OUT035
2682,OUT035
2683,OUT018
2684,OUT046
2685,OUT046
2686,OUT035
2687,OUT045
2688,OUT045
2689,OUT049
2690,OUT027
2691,OUT017
2692,OUT018
2693,OUT035
2694,OUT019
2695,OUT045
2696,OUT017
2697,OUT045
2698,OUT027
2699,OUT013
2700,OUT017
2701,OUT013
2702,OUT045
2703,OUT035
2704,OUT045
2705,OUT049
2706,OUT018
2707,OUT018
2708,OUT046
2709,OUT035
2710,OUT017
2711,OUT017
2712,OUT010
2713,OUT018
2714,OUT027
2715,OUT035
2716,OUT035
2717,OUT046
2718,OUT049
2719,OUT045
2720,OUT013
2721,OUT010
2722,OUT049
2723,OUT013
2724,OUT017
2725,OUT035
2726,OUT018
2727,OUT019
2728,OUT027
2729,OUT018
2730,OUT027
2731,OUT035
2732,OUT046
2733,OUT035
2734,OUT018
2735,OUT017
2736,OUT017
2737,OUT018
2738,OUT045
2739,OUT045
2740,OUT046
2741,OUT018
2742,OUT035
2743,OUT045
2744,OUT013
2745,OUT018
2746,OUT045
2747,OUT049
2748,OUT045
2749,OUT017
2750,OUT018
2751,OUT019
2752,OUT018
2753,OUT013
2754,OUT013
2755,OUT018
2756,OUT017
2757,OUT035
2758,OUT049
2759,OUT017
2760,OUT019
2761,OUT017
2762,OUT045
2763,OUT049
2764,OUT018
2765,OUT035
2766,OUT027
2767,OUT018
2768,OUT046
2769,OUT017
2770,OUT027
2771,OUT010
2772,OUT045
2773,OUT013
2774,OUT045
2775,OUT013
2776,OUT046
2777,OUT013
2778,OUT018
2779,OUT010
2780,OUT046
2781,OUT027
2782,OUT045
2783,OUT035
2784,OUT035
2785,OUT018
2786,OUT049
2787,OUT027
2788,OUT010
2789,OUT045
2790,OUT046
2791,OUT049
2792,OUT049
2793,OUT027
2794,OUT049
2795,OUT010
2796,OUT018
2797,OUT013
2798,OUT019
2799,OUT019
2800,OUT013
2801,OUT035
2802,OUT017
2803,OUT013
2804,OUT013
2805,OUT049
2806,OUT017
2807,OUT019
2808,OUT046
2809,OUT035
2810,OUT017
2811,OUT013
2812,OUT049
2813,OUT045
2814,OUT013
2815,OUT017
2816,OUT035
2817,OUT018
2818,OUT013
2819,OUT019
2820,OUT045
2821,OUT049
2822,OUT013
2823,OUT019
2824,OUT013
2825,OUT035
2826,OUT027
2827,OUT010
2828,OUT046
2829,OUT019
2830,OUT019
2831,OUT046
2832,OUT035
2833,OUT017
2834,OUT013
2835,OUT027
2836,OUT010
2837,OUT019
2838,OUT013
2839,OUT045
2840,OUT018
2841,OUT013
2842,OUT027
2843,OUT019
2844,OUT018
2845,OUT027
2846,OUT046
2847,OUT018
2848,OUT010
2849,OUT017
2850,OUT010
2851,OUT019
2852,OUT013
2853,OUT045
2854,OUT017
2855,OUT017
2856,OUT045
2857,OUT027
2858,OUT045
2859,OUT013
2860,OUT045
2861,OUT027
2862,OUT010
2863,OUT027
2864,OUT046
2865,OUT010
2866,OUT049
2867,OUT013
2868,OUT013
2869,OUT027
2870,OUT013
2871,OUT010
2872,OUT018
2873,OUT013
2874,OUT017
2875,OUT045
2876,OUT027
2877,OUT049
2878,OUT018
2879,OUT018
2880,OUT017
2881,OUT049
2882,OUT035
2883,OUT018
2884,OUT046
2885,OUT013
2886,OUT049
2887,OUT045
2888,OUT013
2889,OUT027
2890,OUT049
2891,OUT049
2892,OUT046
2893,OUT017
2894,OUT049
2895,OUT018
2896,OUT017
2897,OUT010
2898,OUT010
2899,OUT035
2900,OUT018
2901,OUT013
2902,OUT045
2903,OUT035
2904,OUT049
2905,OUT010
2906,OUT017
2907,OUT035
2908,OUT017
2909,OUT045
2910,OUT019
2911,OUT027
2912,OUT049
2913,OUT049
2914,OUT017
2915,OUT018
2916,OUT019
2917,OUT049
2918,OUT045
2919,OUT013
2920,OUT035
2921,OUT010
2922,OUT045
2923,OUT010
2924,OUT049
2925,OUT045
2926,OUT045
2927,OUT049
2928,OUT019
2929,OUT018
2930,OUT017
2931,OUT013
2932,OUT045
2933,OUT049
2934,OUT013
2935,OUT018
2936,OUT045
2937,OUT018
2938,OUT013
2939,OUT045
2940,OUT017
2941,OUT027
2942,OUT017
2943,OUT045
2944,OUT027
2945,OUT049
2946,OUT018
2947,OUT027
2948,OUT017
2949,OUT049
2950,OUT035
2951,OUT017
2952,OUT013
2953,OUT017
2954,OUT045
2955,OUT017
2956,OUT017
2957,OUT013
2958,OUT046
2959,OUT049
2960,OUT046
2961,OUT018
2962,OUT045
2963,OUT017
2964,OUT035
2965,OUT018
2966,OUT013
2967,OUT027
2968,OUT019
2969,OUT018
2970,OUT045
2971,OUT013
2972,OUT049
2973,OUT045
2974,OUT019
2975,OUT018
2976,OUT045
2977,OUT018
2978,OUT046
2979,OUT010
2980,OUT013
2981,OUT045
2982,OUT010
2983,OUT010
2984,OUT018
2985,OUT027
2986,OUT027
2987,OUT017
2988,OUT027
2989,OUT010
2990,OUT045
2991,OUT046
2992,OUT013
2993,OUT046
2994,OUT013
2995,OUT045
2996,OUT045
2997,OUT027
2998,OUT035
2999,OUT049
3000,OUT017
3001,OUT017
3002,OUT013
3003,OUT017
3004,OUT035
3005,OUT013
3006,OUT049
3007,OUT049
3008,OUT017
3009,OUT027
3010,OUT027
3011,OUT017
3012,OUT035
3013,OUT027
3014,OUT018
3015,OUT013
3016,OUT035
3017,OUT019
3018,OUT046
3019,OUT035
3020,OUT027
3021,OUT013
3022,OUT049
3023,OUT010
3024,OUT045
3025,OUT045
3026,OUT046
3027,OUT010
3028,OUT010
3029,OUT049
3030,OUT018
3031,OUT010
3032,OUT017
3033,OUT013
3034,OUT018
3035,OUT013
3036,OUT035
3037,OUT035
3038,OUT045
3039,OUT013
3040,OUT013
3041,OUT049
3042,OUT017
3043,OUT018
3044,OUT049
3045,OUT027
3046,OUT017
3047,OUT010
3048,OUT017
3049,OUT018
3050,OUT013
3051,OUT017
3052,OUT049
3053,OUT045
3054,OUT035
3055,OUT018
3056,OUT027
3057,OUT027
3058,OUT018
3059,OUT013
3060,OUT019
3061,OUT018
3062,OUT046
3063,OUT017
3064,OUT019
3065,OUT045
3066,OUT013
3067,OUT019
3068,OUT027
3069,OUT013
3070,OUT013
3071,OUT013
3072,OUT019
3073,OUT013
3074,OUT046
3075,OUT046
3076,OUT027
3077,OUT027
3078,OUT027
3079,OUT017
3080,OUT017
3081,OUT045
3082,OUT027
3083,OUT019
3084,OUT035
3085,OUT019
3086,OUT018
3087,OUT019
3088,OUT027
3089,OUT046
3090,OUT018
3091,OUT027
3092,OUT046
3093,OUT049
3094,OUT017
3095,OUT035
3096,OUT019
3097,OUT013
3098,OUT027
3099,OUT046
3100,OUT018
3101,OUT035
3102,OUT046
3103,OUT046
3104,OUT027
3105,OUT018
3106,OUT017
3107,OUT013
3108,OUT049
3109,OUT019
3110,OUT010
3111,OUT019
3112,OUT018
3113,OUT027
3114,OUT027
3115,OUT017
3116,OUT049
3117,OUT013
3118,OUT027
3119,OUT035
3120,OUT035
3121,OUT027
3122,OUT017
3123,OUT017
3124,OUT045
3125,OUT019
3126,OUT027
3127,OUT045
3128,OUT045
3129,OUT013
3130,OUT045
3131,OUT045
3132,OUT027
3133,OUT049
3134,OUT027
3135,OUT018
3136,OUT017
3137,OUT046
3138,OUT035
3139,OUT035
3140,OUT018
3141,OUT027
3142,OUT046
3143,OUT049
3144,OUT013
3145,OUT017
3146,OUT027
3147,OUT049
3148,OUT013
3149,OUT010
3150,OUT013
3151,OUT046
3152,OUT019
3153,OUT013
3154,OUT017
3155,OUT013
3156,OUT027
3157,OUT049
3158,OUT045
3159,OUT019
3160,OUT027
3161,OUT018
3162,OUT035
3163,OUT019
3164,OUT013
3165,OUT046
3166,OUT049
3167,OUT018
3168,OUT027
3169,OUT017
3170,OUT017
3171,OUT046
3172,OUT046
3173,OUT027
3174,OUT013
3175,OUT018
3176,OUT035
3177,OUT049
3178,OUT049
3179,OUT035
3180,OUT017
3181,OUT017
3182,OUT010
3183,OUT017
3184,OUT035
3185,OUT046
3186,OUT046
3187,OUT045
3188,OUT045
3189,OUT017
3190,OUT013
3191,OUT045
3192,OUT018
3193,OUT046
3194,OUT049
3195,OUT017
3196,OUT017
3197,OUT017
3198,OUT017
3199,OUT035
3200,OUT027
3201,OUT045
3202,OUT049
3203,OUT049
3204,OUT018
3205,OUT010
3206,OUT010
3207,OUT010
3208,OUT010
3209,OUT019
3210,OUT046
3211,OUT049
3212,OUT045
3213,OUT046
3214,OUT046
3215,OUT046
3216,OUT027
3217,OUT013
3218,OUT013
3219,OUT027
3220,OUT017
3221,OUT045
3222,OUT010
3223,OUT017
3224,OUT049
3225,OUT049
3226,OUT049
3227,OUT027
3228,OUT017
3229,OUT017
3230,OUT018
3231,OUT019
3232,OUT018
3233,OUT035
3234,OUT046
3235,OUT027
3236,OUT045
3237,OUT013
3238,OUT027
3239,OUT019
3240,OUT035
3241,OUT010
3242,OUT018
3243,OUT035
3244,OUT027
3245,OUT010
3246,OUT045
3247,OUT027
3248,OUT045
3249,OUT013
3250,OUT018
3251,OUT049
3252,OUT046
3253,OUT045
3254,OUT045
3255,OUT018
3256,OUT013
3257,OUT019
3258,OUT045
3259,OUT013
3260,OUT045
3261,OUT013
3262,OUT045
3263,OUT045
3264,OUT019
3265,OUT049
3266,OUT013
3267,OUT010
3268,OUT035
3269,OUT046
3270,OUT035
3271,OUT019
3272,OUT013
3273,OUT013
3274,OUT035
3275,OUT046
3276,OUT035
3277,OUT018
3278,OUT035
3279,OUT018
3280,OUT019
3281,OUT010
3282,OUT019
3283,OUT017
3284,OUT049
3285,OUT013
3286,OUT013
3287,OUT018
3288,OUT017
3289,OUT035
3290,OUT027
3291,OUT017
3292,OUT010
3293,OUT027
3294,OUT019
3295,OUT027
3296,OUT045
3297,OUT049
3298,OUT027
3299,OUT046
3300,OUT046
3301,OUT049
3302,OUT013
3303,OUT017
3304,OUT035
3305,OUT049
3306,OUT035
3307,OUT013
3308,OUT049
3309,OUT018
3310,OUT035
3311,OUT017
3312,OUT035
3313,OUT019
3314,OUT049
3315,OUT035
3316,OUT010
3317,OUT017
3318,OUT018
3319,OUT010
3320,OUT013
3321,OUT035
3322,OUT046
3323,OUT045
3324,OUT035
3325,OUT010
3326,OUT017
3327,OUT018
3328,OUT013
3329,OUT027
3330,OUT027
3331,OUT049
3332,OUT027
3333,OUT017
3334,OUT046
3335,OUT049
3336,OUT013
3337,OUT013
3338,OUT035
3339,OUT045
3340,OUT010
3341,OUT027
3342,OUT027
3343,OUT035
3344,OUT013
3345,OUT018
3346,OUT019
3347,OUT018
3348,OUT046
3349,OUT010
3350,OUT018
3351,OUT019
3352,OUT045
3353,OUT035
3354,OUT035
3355,OUT049
3356,OUT013
3357,OUT045
3358,OUT049
3359,OUT049
3360,OUT049
3361,OUT045
3362,OUT035
3363,OUT013
3364,OUT019
3365,OUT010
3366,OUT027
3367,OUT049
3368,OUT049
3369,OUT027
3370,OUT013
3371,OUT035
3372,OUT018
3373,OUT018
3374,OUT027
3375,OUT045
3376,OUT045
3377,OUT045
3378,OUT019
3379,OUT035
3380,OUT035
3381,OUT046
3382,OUT049
3383,OUT010
3384,OUT046
3385,OUT018
3386,OUT018
3387,OUT045
3388,OUT017
3389,OUT013
3390,OUT019
3391,OUT013
3392,OUT049
3393,OUT018
3394,OUT049
3395,OUT049
3396,OUT035
3397,OUT027
3398,OUT017
3399,OUT027
3400,OUT019
3401,OUT035
3402,OUT046
3403,OUT046
3404,OUT027
3405,OUT046
3406,OUT035
3407,OUT013
3408,OUT017
3409,OUT046
3410,OUT049
3411,OUT027
3412,OUT049
3413,OUT045
3414,OUT017
3415,OUT046
3416,OUT013
3417,OUT013
3418,OUT035
3419,OUT049
3420,OUT017
3421,OUT018
3422,OUT046
3423,OUT018
3424,OUT017
3425,OUT045
3426,OUT035
3427,OUT018
3428,OUT027
3429,OUT045
3430,OUT045
3431,OUT046
3432,OUT018
3433,OUT046
3434,OUT010
3435,OUT035
3436,OUT018
3437,OUT027
3438,OUT049
3439,OUT027
3440,OUT049
3441,OUT017
3442,OUT046
3443,OUT018
3444,OUT049
3445,OUT018
3446,OUT018
3447,OUT049
3448,OUT017
3449,OUT035
3450,OUT035
3451,OUT045
3452,OUT045
3453,OUT035
3454,OUT045
3455,OUT018
3456,OUT049
3457,OUT045
3458,OUT027
3459,OUT027
3460,OUT045
3461,OUT035
3462,OUT019
3463,OUT046
3464,OUT049
3465,OUT045
3466,OUT027
3467,OUT027
3468,OUT019
3469,OUT049
3470,OUT045
3471,OUT035
3472,OUT017
3473,OUT019
3474,OUT046
3475,OUT046
3476,OUT046
3477,OUT046
3478,OUT018
3479,OUT049
3480,OUT013
3481,OUT018
3482,OUT027
3483,OUT035
3484,OUT018
3485,OUT035
3486,OUT046
3487,OUT045
3488,OUT010
3489,OUT045
3490,OUT019
3491,OUT013
3492,OUT035
3493,OUT049
3494,OUT046
3495,OUT049
3496,OUT049
3497,OUT049
3498,OUT045
3499,OUT017
3500,OUT027
3501,OUT045
3502,OUT010
3503,OUT018
3504,OUT035
3505,OUT045
3506,OUT013
3507,OUT027
3508,OUT049
3509,OUT027
3510,OUT017
3511,OUT046
3512,OUT017
3513,OUT045
3514,OUT018
3515,OUT019
3516,OUT045
3517,OUT027
3518,OUT035
3519,OUT027
3520,OUT017
3521,OUT045
3522,OUT018
3523,OUT046
3524,OUT049
3525,OUT045
3526,OUT035
3527,OUT018
3528,OUT049
3529,OUT035
3530,OUT045
3531,OUT049
3532,OUT046
3533,OUT013
3534,OUT035
3535,OUT013
3536,OUT010
3537,OUT027
3538,OUT013
3539,OUT017
3540,OUT027
3541,OUT045
3542,OUT018
3543,OUT049
3544,OUT018
3545,OUT018
3546,OUT046
3547,OUT049
3548,OUT017
3549,OUT017
3550,OUT013
3551,OUT046
3552,OUT027
3553,OUT013
3554,OUT049
3555,OUT045
3556,OUT049
3557,OUT010
3558,OUT046
3559,OUT027
3560,OUT017
3561,OUT035
3562,OUT017
3563,OUT035
3564,OUT013
3565,OUT035
3566,OUT019
3567,OUT045
3568,OUT035
3569,OUT018
3570,OUT018
3571,OUT013
3572,OUT027
3573,OUT018
3574,OUT046
3575,OUT010
3576,OUT027
3577,OUT027
3578,OUT049
3579,OUT035
3580,OUT013
3581,OUT049
3582,OUT027
3583,OUT017
3584,OUT035
3585,OUT035
3586,OUT027
3587,OUT017
3588,OUT013
3589,OUT049
3590,OUT035
3591,OUT035
3592,OUT049
3593,OUT013
3594,OUT013
3595,OUT019
3596,OUT010
3597,OUT049
3598,OUT046
3599,OUT027
3600,OUT019
3601,OUT049
3602,OUT027
3603,OUT045
3604,OUT019
3605,OUT017
3606,OUT046
3607,OUT046
3608,OUT019
3609,OUT046
3610,OUT018
3611,OUT045
3612,OUT046
3613,OUT010
3614,OUT049
3615,OUT018
3616,OUT049
3617,OUT035
3618,OUT027
3619,OUT027
3620,OUT027
3621,OUT018
3622,OUT035
3623,OUT027
3624,OUT045
3625,OUT018
3626,OUT027
3627,OUT027
3628,OUT010
3629,OUT046
3630,OUT046
3631,OUT049
3632,OUT019
3633,OUT018
3634,OUT049
3635,OUT019
3636,OUT045
3637,OUT017
3638,OUT019
3639,OUT046
3640,OUT045
3641,OUT013
3642,OUT013
3643,OUT045
3644,OUT017
3645,OUT035
3646,OUT018
3647,OUT035
3648,OUT027
3649,OUT046
3650,OUT018
3651,OUT017
3652,OUT046
3653,OUT027
3654,OUT046
3655,OUT027
3656,OUT046
3657,OUT049
3658,OUT018
3659,OUT013
3660,OUT045
3661,OUT017
3662,OUT045
3663,OUT013
3664,OUT019
3665,OUT018
3666,OUT045
3667,OUT019
3668,OUT018
3669,OUT013
3670,OUT046
3671,OUT019
3672,OUT049
3673,OUT045
3674,OUT013
3675,OUT046
3676,OUT018
3677,OUT017
3678,OUT018
3679,OUT010
3680,OUT046
3681,OUT013
3682,OUT046
3683,OUT010
3684,OUT013
3685,OUT046
3686,OUT018
3687,OUT035
3688,OUT027
3689,OUT027
3690,OUT017
3691,OUT045
3692,OUT035
3693,OUT035
3694,OUT027
3695,OUT027
3696,OUT049
3697,OUT045
3698,OUT027
3699,OUT046
3700,OUT035
3701,OUT013
3702,OUT046
3703,OUT018
3704,OUT017
3705,OUT046
3706,OUT018
3707,OUT013
3708,OUT045
3709,OUT018
3710,OUT018
3711,OUT017
3712,OUT045
3713,OUT035
3714,OUT013
3715,OUT035
3716,OUT049
3717,OUT027
3718,OUT018
3719,OUT013
3720,OUT045
3721,OUT046
3722,OUT018
3723,OUT035
3724,OUT019
3725,OUT046
3726,OUT046
3727,OUT049
3728,OUT013
3729,OUT035
3730,OUT013
3731,OUT035
3732,OUT010
3733,OUT046
3734,OUT019
3735,OUT010
3736,OUT045
3737,OUT035
3738,OUT045
3739,OUT046
3740,OUT049
3741,OUT019
3742,OUT049
3743,OUT027
3744,OUT046
3745,OUT035
3746,OUT010
3747,OUT046
3748,OUT035
3749,OUT035
3750,OUT010
3751,OUT049
3752,OUT035
3753,OUT049
3754,OUT045
3755,OUT049
3756,OUT046
3757,OUT046
3758,OUT018
3759,OUT027
3760,OUT046
3761,OUT035
3762,OUT046
3763,OUT046
3764,OUT045
3765,OUT010
3766,OUT035
3767,OUT027
3768,OUT017
3769,OUT019
3770,OUT035
3771,OUT035
3772,OUT046
3773,OUT035
3774,OUT017
3775,OUT018
3776,OUT049
3777,OUT045
3778,OUT013
3779,OUT046
3780,OUT035
3781,OUT017
3782,OUT035
3783,OUT018
3784,OUT013
3785,OUT035
3786,OUT013
3787,OUT019
3788,OUT049
3789,OUT045
3790,OUT049
3791,OUT013
3792,OUT017
3793,OUT018
3794,OUT027
3795,OUT027
3796,OUT049
3797,OUT027
3798,OUT018
3799,OUT035
3800,OUT018
3801,OUT027
3802,OUT018
3803,OUT017
3804,OUT019
3805,OUT017
3806,OUT010
3807,OUT045
3808,OUT013
3809,OUT045
3810,OUT010
3811,OUT049
3812,OUT049
3813,OUT010
3814,OUT046
3815,OUT035
3816,OUT049
3817,OUT035
3818,OUT049
3819,OUT035
3820,OUT045
3821,OUT049
3822,OUT045
3823,OUT013
3824,OUT049
3825,OUT013
3826,OUT049
3827,OUT049
3828,OUT013
3829,OUT013
3830,OUT027
3831,OUT013
3832,OUT049
3833,OUT027
3834,OUT046
3835,OUT045
3836,OUT013
3837,OUT019
3838,OUT046
3839,OUT045
3840,OUT027
3841,OUT017
3842,OUT010
3843,OUT027
3844,OUT027
3845,OUT046
3846,OUT049
3847,OUT010
3848,OUT010
3849,OUT045
3850,OUT013
3851,OUT013
3852,OUT013
3853,OUT017
3854,OUT049
3855,OUT010
3856,OUT018
3857,OUT049
3858,OUT027
3859,OUT045
3860,OUT049
3861,OUT046
3862,OUT010
3863,OUT027
3864,OUT045
3865,OUT019
3866,OUT010
3867,OUT046
3868,OUT046
3869,OUT049
3870,OUT045
3871,OUT049
3872,OUT018
3873,OUT046
3874,OUT049
3875,OUT019
3876,OUT018
3877,OUT045
3878,OUT010
3879,OUT017
3880,OUT049
3881,OUT046
3882,OUT019
3883,OUT017
3884,OUT049
3885,OUT027
3886,OUT045
3887,OUT019
3888,OUT027
3889,OUT049
3890,OUT035
3891,OUT035
3892,OUT019
3893,OUT010
3894,OUT017
3895,OUT013
3896,OUT013
3897,OUT017
3898,OUT019
3899,OUT017
3900,OUT049
3901,OUT049
3902,OUT045
3903,OUT017
3904,OUT017
3905,OUT027
3906,OUT018
3907,OUT013
3908,OUT010
3909,OUT019
3910,OUT045
3911,OUT049
3912,OUT027
3913,OUT013
3914,OUT013
3915,OUT027
3916,OUT017
3917,OUT046
3918,OUT045
3919,OUT046
3920,OUT045
3921,OUT046
3922,OUT027
3923,OUT035
3924,OUT046
3925,OUT018
3926,OUT045
3927,OUT046
3928,OUT019
3929,OUT046
3930,OUT049
3931,OUT013
3932,OUT013
3933,OUT027
3934,OUT018
3935,OUT017
3936,OUT013
3937,OUT013
3938,OUT018
3939,OUT010
3940,OUT046
3941,OUT017
3942,OUT017
3943,OUT010
3944,OUT018
3945,OUT017
3946,OUT013
3947,OUT027
3948,OUT013
3949,OUT046
3950,OUT013
3951,OUT035
3952,OUT017
3953,OUT013
3954,OUT035
3955,OUT035
3956,OUT046
3957,OUT013
3958,OUT013
3959,OUT018
3960,OUT018
3961,OUT046
3962,OUT017
3963,OUT046
3964,OUT013
3965,OUT013
3966,OUT027
3967,OUT013
3968,OUT027
3969,OUT046
3970,OUT010
3971,OUT046
3972,OUT013
3973,OUT018
3974,OUT017
3975,OUT018
3976,OUT027
3977,OUT035
3978,OUT046
3979,OUT035
3980,OUT049
3981,OUT013
3982,OUT049
3983,OUT018
3984,OUT046
3985,OUT049
3986,OUT049
3987,OUT045
3988,OUT013
3989,OUT046
3990,OUT019
3991,OUT027
3992,OUT018
3993,OUT046
3994,OUT019
3995,OUT045
3996,OUT035
3997,OUT013
3998,OUT018
3999,OUT049
4000,OUT019
4001,OUT013
4002,OUT045
4003,OUT045
4004,OUT017
4005,OUT046
4006,OUT017
4007,OUT045
4008,OUT010
4009,OUT049
4010,OUT019
4011,OUT045
4012,OUT045
4013,OUT049
4014,OUT027
4015,OUT046
4016,OUT018
4017,OUT010
4018,OUT018
4019,OUT017
4020,OUT027
4021,OUT013
4022,OUT018
4023,OUT013
4024,OUT017
4025,OUT013
4026,OUT010
4027,OUT046
4028,OUT045
4029,OUT049
4030,OUT017
4031,OUT046
4032,OUT017
4033,OUT035
4034,OUT017
4035,OUT045
4036,OUT010
4037,OUT017
4038,OUT013
4039,OUT049
4040,OUT027
4041,OUT045
4042,OUT019
4043,OUT013
4044,OUT027
4045,OUT017
4046,OUT010
4047,OUT046
4048,OUT010
4049,OUT046
4050,OUT027
4051,OUT035
4052,OUT010
4053,OUT018
4054,OUT019
4055,OUT046
4056,OUT027
4057,OUT027
4058,OUT049
4059,OUT019
4060,OUT013
4061,OUT046
4062,OUT035
4063,OUT049
4064,OUT017
4065,OUT017
4066,OUT049
4067,OUT049
4068,OUT049
4069,OUT019
4070,OUT035
4071,OUT035
4072,OUT045
4073,OUT017
4074,OUT046
4075,OUT017
4076,OUT017
4077,OUT010
4078,OUT013
4079,OUT045
4080,OUT017
4081,OUT017
4082,OUT045
4083,OUT010
4084,OUT017
4085,OUT045
4086,OUT027
4087,OUT013
4088,OUT027
4089,OUT045
4090,OUT049
4091,OUT013
4092,OUT045
4093,OUT013
4094,OUT010
4095,OUT018
4096,OUT045
4097,OUT010
4098,OUT018
4099,OUT035
4100,OUT017
4101,OUT049
4102,OUT017
4103,OUT046
4104,OUT010
4105,OUT046
4106,OUT013
4107,OUT045
4108,OUT019
4109,OUT049
4110,OUT046
4111,OUT013
4112,OUT013
4113,OUT035
4114,OUT017
4115,OUT045
4116,OUT013
4117,OUT045
4118,OUT045
4119,OUT046
4120,OUT017
4121,OUT013
4122,OUT017
4123,OUT049
4124,OUT018
4125,OUT017
4126,OUT027
4127,OUT010
4128,OUT049
4129,OUT013
4130,OUT027
4131,OUT013
4132,OUT010
4133,OUT045
4134,OUT049
4135,OUT013
4136,OUT010
4137,OUT046
4138,OUT017
4139,OUT017
4140,OUT013
4141,OUT017
4142,OUT045
4143,OUT046
4144,OUT049
4145,OUT049
4146,OUT027
4147,OUT019
4148,OUT046
4149,OUT017
4150,OUT027
4151,OUT049
4152,OUT013
4153,OUT019
4154,OUT013
4155,OUT017
4156,OUT027
4157,OUT017
4158,OUT017
4159,OUT010
4160,OUT049
4161,OUT019
4162,OUT045
4163,OUT035
4164,OUT018
4165,OUT046
4166,OUT019
4167,OUT035
4168,OUT046
4169,OUT018
4170,OUT046
4171,OUT017
4172,OUT018
4173,OUT046
4174,OUT049
4175,OUT045
4176,OUT049
4177,OUT046
4178,OUT046
4179,OUT035
4180,OUT035
4181,OUT046
4182,OUT018
4183,OUT013
4184,OUT017
4185,OUT027
4186,OUT013
4187,OUT019
4188,OUT046
4189,OUT017
4190,OUT045
4191,OUT046
4192,OUT018
4193,OUT045
4194,OUT049
4195,OUT027
4196,OUT017
4197,OUT035
4198,OUT035
4199,OUT018
4200,OUT049
4201,OUT018
4202,OUT049
4203,OUT035
4204,OUT045
4205,OUT035
4206,OUT045
4207,OUT013
4208,OUT010
4209,OUT035
4210,OUT019
4211,OUT013
4212,OUT010
4213,OUT045
4214,OUT045
4215,OUT019
4216,OUT035
4217,OUT017
4218,OUT035
4219,OUT035
4220,OUT045
4221,OUT035
4222,OUT045
4223,OUT035
4224,OUT010
4225,OUT049
4226,OUT010
4227,OUT013
4228,OUT013
4229,OUT010
4230,OUT018
4231,OUT010
4232,OUT045
4233,OUT049
4234,OUT017
4235,OUT018
4236,OUT046
4237,OUT017
4238,OUT046
4239,OUT018
4240,OUT046
4241,OUT045
4242,OUT046
4243,OUT013
4244,OUT046
4245,OUT019
4246,OUT017
4247,OUT049
4248,OUT045
4249,OUT027
4250,OUT010
4251,OUT027
4252,OUT018
4253,OUT010
4254,OUT035
4255,OUT019
4256,OUT045
4257,OUT013
4258,OUT046
4259,OUT045
4260,OUT049
4261,OUT049
4262,OUT019
4263,OUT035
4264,OUT049
4265,OUT046
4266,OUT013
4267,OUT013
4268,OUT045
4269,OUT018
4270,OUT027
4271,OUT013
4272,OUT049
4273,OUT049
4274,OUT017
4275,OUT018
4276,OUT019
4277,OUT027
4278,OUT046
4279,OUT017
4280,OUT049
4281,OUT049
4282,OUT049
4283,OUT049
4284,OUT045
4285,OUT027
4286,OUT018
4287,OUT045
4288,OUT019
4289,OUT017
4290,OUT013
4291,OUT010
4292,OUT035
4293,OUT010
4294,OUT018
4295,OUT035
4296,OUT035
4297,OUT013
4298,OUT027
4299,OUT010
4300,OUT027
4301,OUT013
4302,OUT049
4303,OUT018
4304,OUT017
4305,OUT018
4306,OUT035
4307,OUT013
4308,OUT045
4309,OUT045
4310,OUT017
4311,OUT045
4312,OUT017
4313,OUT035
4314,OUT045
4315,OUT010
4316,OUT035
4317,OUT010
4318,OUT046
4319,OUT046
4320,OUT035
4321,OUT019
4322,OUT019
4323,OUT013
4324,OUT018
4325,OUT027
4326,OUT035
4327,OUT035
4328,OUT019
4329,OUT035
4330,OUT046
4331,OUT017
4332,OUT017
4333,OUT017
4334,OUT035
4335,OUT045
4336,OUT018
4337,OUT018
4338,OUT049
4339,OUT035
4340,OUT019
4341,OUT049
4342,OUT045
4343,OUT046
4344,OUT046
4345,OUT017
4346,OUT018
4347,OUT046
4348,OUT035
4349,OUT013
4350,OUT019
4351,OUT045
4352,OUT046
4353,OUT018
4354,OUT017
4355,OUT045
4356,OUT046
4357,OUT013
4358,OUT017
4359,OUT019
4360,OUT010
4361,OUT049
4362,OUT045
4363,OUT017
4364,OUT049
4365,OUT019
4366,OUT013
4367,OUT035
4368,OUT018
4369,OUT018
4370,OUT017
4371,OUT027
4372,OUT018
4373,OUT017
4374,OUT049
4375,OUT049
4376,OUT035
4377,OUT017
4378,OUT027
4379,OUT035
4380,OUT045
4381,OUT027
4382,OUT035
4383,OUT017
4384,OUT035
4385,OUT027
4386,OUT013
4387,OUT046
4388,OUT013
4389,OUT018
4390,OUT046
4391,OUT049
4392,OUT049
4393,OUT027
4394,OUT049
4395,OUT035
4396,OUT013
4397,OUT035
4398,OUT045
4399,OUT013
4400,OUT035
4401,OUT010
4402,OUT045
4403,OUT045
4404,OUT027
4405,OUT045
4406,OUT027
4407,OUT035
4408,OUT027
4409,OUT019
4410,OUT045
4411,OUT035
4412,OUT049
4413,OUT049
4414,OUT045
4415,OUT045
4416,OUT013
4417,OUT046
4418,OUT010
4419,OUT013
4420,OUT049
4421,OUT019
4422,OUT035
4423,OUT017
4424,OUT010
4425,OUT017
4426,OUT013
4427,OUT027
4428,OUT027
4429,OUT045
4430,OUT017
4431,OUT019
4432,OUT017
4433,OUT013
4434,OUT049
4435,OUT010
4436,OUT035
4437,OUT013
4438,OUT010
4439,OUT046
4440,OUT019
4441,OUT049
4442,OUT018
4443,OUT035
4444,OUT017
4445,OUT013
4446,OUT019
4447,OUT035
4448,OUT035
4449,OUT045
4450,OUT046
4451,OUT010
4452,OUT049
4453,OUT035
4454,OUT046
4455,OUT010
4456,OUT046
4457,OUT046
4458,OUT049
4459,OUT010
4460,OUT046
4461,OUT035
4462,OUT013
4463,OUT010
4464,OUT045
4465,OUT018
4466,OUT046
4467,OUT017
4468,OUT045
4469,OUT046
4470,OUT035
4471,OUT049
4472,OUT045
4473,OUT027
4474,OUT018
4475,OUT045
4476,OUT049
4477,OUT018
4478,OUT045
4479,OUT046
4480,OUT010
4481,OUT046
4482,OUT017
4483,OUT045
4484,OUT019
4485,OUT046
4486,OUT013
4487,OUT049
4488,OUT049
4489,OUT049
4490,OUT013
4491,OUT013
4492,OUT049
4493,OUT046
4494,OUT018
4495,OUT046
4496,OUT019
4497,OUT045
4498,OUT049
4499,OUT045
4500,OUT045
4501,OUT035
4502,OUT045
4503,OUT049
4504,OUT018
4505,OUT010
4506,OUT049
4507,OUT046
4508,OUT035
4509,OUT018
4510,OUT013
4511,OUT010
4512,OUT035
4513,OUT017
4514,OUT017
4515,OUT035
4516,OUT046
4517,OUT018
4518,OUT013
4519,OUT027
4520,OUT046
4521,OUT045
4522,OUT018
4523,OUT027
4524,OUT049
4525,OUT018
4526,OUT046
4527,OUT035
4528,OUT049
4529,OUT027
4530,OUT045
4531,OUT017
4532,OUT046
4533,OUT046
4534,OUT010
4535,OUT035
4536,OUT049
4537,OUT035
4538,OUT046
4539,OUT049
4540,OUT045
4541,OUT049
4542,OUT018
4543,OUT019
4544,OUT017
4545,OUT010
4546,OUT027
4547,OUT035
4548,OUT046
4549,OUT019
4550,OUT035
4551,OUT019
4552,OUT027
4553,OUT049
4554,OUT045
4555,OUT045
4556,OUT027
4557,OUT035
4558,OUT046
4559,OUT018
4560,OUT045
4561,OUT019
4562,OUT017
4563,OUT027
4564,OUT046
4565,OUT013
4566,OUT035
4567,OUT027
4568,OUT013
4569,OUT035
4570,OUT027
4571,OUT010
4572,OUT046
4573,OUT046
4574,OUT019
4575,OUT019
4576,OUT046
4577,OUT045
4578,OUT018
4579,OUT018
4580,OUT049
4581,OUT035
4582,OUT035
4583,OUT046
4584,OUT013
4585,OUT017
4586,OUT027
4587,OUT035
4588,OUT027
4589,OUT046
4590,OUT049
4591,OUT010
4592,OUT017
4593,OUT027
4594,OUT045
4595,OUT046
4596,OUT046
4597,OUT045
4598,OUT013
4599,OUT018
4600,OUT049
4601,OUT045
4602,OUT045
4603,OUT013
4604,OUT045
4605,OUT035
4606,OUT049
4607,OUT049
4608,OUT013
4609,OUT046
4610,OUT027
4611,OUT017
4612,OUT046
4613,OUT049
4614,OUT013
4615,OUT017
4616,OUT010
4617,OUT046
4618,OUT045
4619,OUT010
4620,OUT046
4621,OUT027
4622,OUT027
4623,OUT049
4624,OUT013
4625,OUT049
4626,OUT018
4627,OUT027
4628,OUT017
4629,OUT017
4630,OUT035
4631,OUT010
4632,OUT010
4633,OUT018
4634,OUT035
4635,OUT049
4636,OUT049
4637,OUT045
4638,OUT013
4639,OUT035
4640,OUT010
4641,OUT027
4642,OUT018
4643,OUT013
4644,OUT049
4645,OUT046
4646,OUT027
4647,OUT017
4648,OUT045
4649,OUT018
4650,OUT013
4651,OUT017
4652,OUT049
4653,OUT010
4654,OUT019
4655,OUT045
4656,OUT049
4657,OUT046
4658,OUT045
4659,OUT017
4660,OUT019
4661,OUT017
4662,OUT046
4663,OUT027
4664,OUT013
4665,OUT018
4666,OUT018
4667,OUT017
4668,OUT049
4669,OUT049
4670,OUT046
4671,OUT010
4672,OUT010
4673,OUT049
4674,OUT019
4675,OUT049
4676,OUT035
4677,OUT018
4678,OUT035
4679,OUT035
4680,OUT045
4681,OUT017
4682,OUT049
4683,OUT010
4684,OUT045
4685,OUT010
4686,OUT045
4687,OUT017
4688,OUT017
4689,OUT010
4690,OUT010
4691,OUT035
4692,OUT013
4693,OUT045
4694,OUT046
4695,OUT045
4696,OUT045
4697,OUT013
4698,OUT045
4699,OUT027
4700,OUT017
4701,OUT013
4702,OUT046
4703,OUT013
4704,OUT035
4705,OUT046
4706,OUT046
4707,OUT049
4708,OUT010
4709,OUT045
4710,OUT035
4711,OUT046
4712,OUT018
4713,OUT010
4714,OUT018
4715,OUT046
4716,OUT017
4717,OUT045
4718,OUT027
4719,OUT018
4720,OUT013
4721,OUT049
4722,OUT010
4723,OUT046
4724,OUT017
4725,OUT018
4726,OUT019
4727,OUT019
4728,OUT049
4729,OUT046
4730,OUT013
4731,OUT018
4732,OUT045
4733,OUT010
4734,OUT035
4735,OUT027
4736,OUT046
4737,OUT018
4738,OUT035
4739,OUT027
4740,OUT046
4741,OUT010
4742,OUT018
4743,OUT018
4744,OUT017
4745,OUT027
4746,OUT045
4747,OUT045
4748,OUT017
4749,OUT046
4750,OUT017
4751,OUT035
4752,OUT027
4753,OUT013
4754,OUT013
4755,OUT019
4756,OUT046
4757,OUT045
4758,OUT046
4759,OUT013
4760,OUT035
4761,OUT027
4762,OUT013
4763,OUT010
4764,OUT035
4765,OUT019
4766,OUT027
4767,OUT035
4768,OUT027
4769,OUT035
4770,OUT010
4771,OUT013
4772,OUT010
4773,OUT018
4774,OUT035
4775,OUT019
4776,OUT045
4777,OUT046
4778,OUT045
4779,OUT010
4780,OUT019
4781,OUT017
4782,OUT018
4783,OUT027
4784,OUT045
4785,OUT027
4786,OUT049
4787,OUT035
4788,OUT027
4789,OUT017
4790,OUT035
4791,OUT035
4792,OUT045
4793,OUT049
4794,OUT018
4795,OUT035
4796,OUT046
4797,OUT045
4798,OUT013
4799,OUT010
4800,OUT027
4801,OUT010
4802,OUT013
4803,OUT019
4804,OUT019
4805,OUT049
4806,OUT010
4807,OUT013
4808,OUT018
4809,OUT018
4810,OUT018
4811,OUT046
4812,OUT010
4813,OUT027
4814,OUT046
4815,OUT049
4816,OUT045
4817,OUT013
4818,OUT027
4819,OUT046
4820,OUT019
4821,OUT027
4822,OUT045
4823,OUT035
4824,OUT010
4825,OUT018
4826,OUT045
4827,OUT018
4828,OUT035
4829,OUT018
4830,OUT019
4831,OUT018
4832,OUT013
4833,OUT046
4834,OUT046
4835,OUT046
4836,OUT013
4837,OUT046
4838,OUT013
4839,OUT013
4840,OUT049
4841,OUT035
4842,OUT010
4843,OUT017
4844,OUT046
4845,OUT049
4846,OUT019
4847,OUT045
4848,OUT027
4849,OUT018
4850,OUT035
4851,OUT045
4852,OUT049
4853,OUT046
4854,OUT019
4855,OUT018
4856,OUT017
4857,OUT049
4858,OUT035
4859,OUT027
4860,OUT035
4861,OUT013
4862,OUT049
4863,OUT035
4864,OUT018
4865,OUT017
4866,OUT017
4867,OUT027
4868,OUT045
4869,OUT018
4870,OUT049
4871,OUT045
4872,OUT027
4873,OUT035
4874,OUT013
4875,OUT013
4876,OUT045
4877,OUT046
4878,OUT019
4879,OUT045
4880,OUT045
4881,OUT010
4882,OUT035
4883,OUT046
4884,OUT035
4885,OUT049
4886,OUT027
4887,OUT049
4888,OUT019
4889,OUT027
4890,OUT018
4891,OUT049
4892,OUT018
4893,OUT018
4894,OUT035
4895,OUT046
4896,OUT017
4897,OUT013
4898,OUT013
4899,OUT018
4900,OUT046
4901,OUT018
4902,OUT019
4903,OUT017
4904,OUT046
4905,OUT045
4906,OUT010
4907,OUT045
4908,OUT018
4909,OUT045
4910,OUT049
4911,OUT035
4912,OUT013
4913,OUT018
4914,OUT010
4915,OUT035
4916,OUT017
4917,OUT019
4918,OUT013
4919,OUT019
4920,OUT035
4921,OUT027
4922,OUT046
4923,OUT017
4924,OUT045
4925,OUT046
4926,OUT049
4927,OUT027
4928,OUT019
4929,OUT013
4930,OUT018
4931,OUT027
4932,OUT045
4933,OUT049
4934,OUT049
4935,OUT046
4936,OUT013
4937,OUT013
4938,OUT049
4939,OUT027
4940,OUT017
4941,OUT027
4942,OUT046
4943,OUT049
4944,OUT018
4945,OUT049
4946,OUT045
4947,OUT013
4948,OUT013
4949,OUT049
4950,OUT046
4951,OUT035
4952,OUT018
4953,OUT013
4954,OUT046
4955,OUT045
4956,OUT017
4957,OUT013
4958,OUT019
4959,OUT019
4960,OUT049
4961,OUT017
4962,OUT046
4963,OUT046
4964,OUT013
4965,OUT017
4966,OUT010
4967,OUT045
4968,OUT013
4969,OUT013
4970,OUT017
4971,OUT010
4972,OUT049
4973,OUT017
4974,OUT027
4975,OUT018
4976,OUT010
4977,OUT049
4978,OUT017
4979,OUT035
4980,OUT017
4981,OUT017
4982,OUT045
4983,OUT013
4984,OUT013
4985,OUT010
4986,OUT017
4987,OUT049
4988,OUT027
4989,OUT010
4990,OUT010
4991,OUT027
4992,OUT017
4993,OUT046
4994,OUT045
4995,OUT010
4996,OUT049
4997,OUT018
4998,OUT010
4999,OUT019
5000,OUT010
5001,OUT046
5002,OUT049
5003,OUT035
5004,OUT049
5005,OUT049
5006,OUT045
5007,OUT045
5008,OUT049
5009,OUT045
5010,OUT018
5011,OUT045
5012,OUT027
5013,OUT017
5014,OUT017
5015,OUT035
5016,OUT019
5017,OUT049
5018,OUT045
5019,OUT018
5020,OUT017
5021,OUT027
5022,OUT049
5023,OUT045
5024,OUT035
5025,OUT018
5026,OUT019
5027,OUT010
5028,OUT049
5029,OUT018
5030,OUT017
5031,OUT010
5032,OUT035
5033,OUT013
5034,OUT046
5035,OUT049
5036,OUT046
5037,OUT027
5038,OUT046
5039,OUT017
5040,OUT017
5041,OUT035
5042,OUT035
5043,OUT017
5044,OUT027
5045,OUT046
5046,OUT019
5047,OUT035
5048,OUT013
5049,OUT045
5050,OUT049
5051,OUT019
5052,OUT035
5053,OUT035
5054,OUT019
5055,OUT035
5056,OUT018
5057,OUT035
5058,OUT017
5059,OUT045
5060,OUT013
5061,OUT010
5062,OUT027
5063,OUT035
5064,OUT046
5065,OUT018
5066,OUT018
5067,OUT035
5068,OUT045
5069,OUT013
5070,OUT017
5071,OUT010
5072,OUT049
5073,OUT013
5074,OUT017
5075,OUT013
5076,OUT035
5077,OUT046
5078,OUT013
5079,OUT027
5080,OUT046
5081,OUT049
5082,OUT017
5083,OUT013
5084,OUT013
5085,OUT018
5086,OUT045
5087,OUT045
5088,OUT019
5089,OUT018
5090,OUT018
5091,OUT049
5092,OUT013
5093,OUT046
5094,OUT046
5095,OUT049
5096,OUT035
5097,OUT013
5098,OUT019
5099,OUT045
5100,OUT046
5101,OUT035
5102,OUT010
5103,OUT027
5104,OUT035
5105,OUT017
5106,OUT019
5107,OUT049
5108,OUT035
5109,OUT013
5110,OUT013
5111,OUT045
5112,OUT019
5113,OUT013
5114,OUT019
5115,OUT045
5116,OUT019
5117,OUT046
5118,OUT049
5119,OUT045
5120,OUT018
5121,OUT019
5122,OUT019
5123,OUT046
5124,OUT046
5125,OUT035
5126,OUT027
5127,OUT049
5128,OUT017
5129,OUT017
5130,OUT049
5131,OUT049
5132,OUT013
5133,OUT035
5134,OUT046
5135,OUT035
5136,OUT046
5137,OUT027
5138,OUT045
5139,OUT049
5140,OUT027
5141,OUT046
5142,OUT027
5143,OUT049
5144,OUT017
5145,OUT049
5146,OUT046
5147,OUT049
5148,OUT017
5149,OUT045
5150,OUT049
5151,OUT027
5152,OUT045
5153,OUT017
5154,OUT049
5155,OUT017
5156,OUT013
5157,OUT010
5158,OUT018
5159,OUT035
5160,OUT013
5161,OUT027
5162,OUT013
5163,OUT035
5164,OUT013
5165,OUT046
5166,OUT045
5167,OUT019
5168,OUT010
5169,OUT035
5170,OUT035
5171,OUT018
5172,OUT013
5173,OUT027
5174,OUT045
5175,OUT019
5176,OUT018
5177,OUT013
5178,OUT045
5179,OUT017
5180,OUT019
5181,OUT018
5182,OUT045
5183,OUT018
5184,OUT017
5185,OUT017
5186,OUT013
5187,OUT049
5188,OUT017
5189,OUT045
5190,OUT019
5191,OUT027
5192,OUT013
5193,OUT035
5194,OUT013
5195,OUT035
5196,OUT049
5197,OUT019
5198,OUT018
5199,OUT046
5200,OUT045
5201,OUT046
5202,OUT049
5203,OUT049
5204,OUT013
5205,OUT013
5206,OUT046
5207,OUT049
5208,OUT019
5209,OUT018
5210,OUT018
5211,OUT027
5212,OUT019
5213,OUT013
5214,OUT035
5215,OUT049
5216,OUT046
5217,OUT027
5218,OUT017
5219,OUT035
5220,OUT013
5221,OUT018
5222,OUT027
5223,OUT010
5224,OUT046
5225,OUT013
5226,OUT035
5227,OUT027
5228,OUT049
5229,OUT045
5230,OUT049
5231,OUT046
5232,OUT035
5233,OUT045
5234,OUT035
5235,OUT035
5236,OUT018
5237,OUT013
5238,OUT046
5239,OUT045
5240,OUT046
5241,OUT017
5242,OUT017
5243,OUT035
5244,OUT049
5245,OUT045
5246,OUT010
5247,OUT019
5248,OUT018
5249,OUT019
5250,OUT017
5251,OUT018
5252,OUT013
5253,OUT018
5254,OUT049
5255,OUT035
5256,OUT049
5257,OUT017
5258,OUT013
5259,OUT046
5260,OUT049
5261,OUT045
5262,OUT019
5263,OUT019
5264,OUT049
5265,OUT017
5266,OUT018
5267,OUT045
5268,OUT035
5269,OUT035
5270,OUT049
5271,OUT045
5272,OUT017
5273,OUT027
5274,OUT027
5275,OUT017
5276,OUT013
5277,OUT010
5278,OUT045
5279,OUT035
5280,OUT045
5281,OUT018
5282,OUT013
5283,OUT018
5284,OUT049
5285,OUT046
5286,OUT046
5287,OUT046
5288,OUT045
5289,OUT035
5290,OUT010
5291,OUT013
5292,OUT045
5293,OUT019
5294,OUT045
5295,OUT017
5296,OUT017
5297,OUT046
5298,OUT049
5299,OUT017
5300,OUT017
5301,OUT035
5302,OUT013
5303,OUT019
5304,OUT010
5305,OUT027
5306,OUT027
5307,OUT045
5308,OUT010
5309,OUT010
5310,OUT045
5311,OUT019
5312,OUT046
5313,OUT035
5314,OUT049
5315,OUT027
5316,OUT045
5317,OUT010
5318,OUT018
5319,OUT046
5320,OUT027
5321,OUT027
5322,OUT017
5323,OUT035
5324,OUT027
5325,OUT013
5326,OUT045
5327,OUT010
5328,OUT027
5329,OUT019
5330,OUT046
5331,OUT027
5332,OUT049
5333,OUT035
5334,OUT018
5335,OUT046
5336,OUT019
5337,OUT017
5338,OUT049
5339,OUT017
5340,OUT035
5341,OUT049
5342,OUT017
5343,OUT046
5344,OUT017
5345,OUT013
5346,OUT019
5347,OUT035
5348,OUT027
5349,OUT013
5350,OUT010
5351,OUT046
5352,OUT013
5353,OUT013
5354,OUT017
5355,OUT049
5356,OUT046
5357,OUT019
5358,OUT013
5359,OUT017
5360,OUT045
5361,OUT018
5362,OUT019
5363,OUT049
5364,OUT013
5365,OUT018
5366,OUT049
5367,OUT035
5368,OUT045
5369,OUT046
5370,OUT019
5371,OUT049
5372,OUT019
5373,OUT027
5374,OUT045
5375,OUT035
5376,OUT013
5377,OUT018
5378,OUT046
5379,OUT027
5380,OUT035
5381,OUT027
5382,OUT046
5383,OUT045
5384,OUT017
5385,OUT027
5386,OUT017
5387,OUT027
5388,OUT019
5389,OUT018
5390,OUT013
5391,OUT013
5392,OUT018
5393,OUT046
5394,OUT027
5395,OUT027
5396,OUT045
5397,OUT035
5398,OUT019
5399,OUT017
5400,OUT027
5401,OUT027
5402,OUT018
5403,OUT017
5404,OUT018
5405,OUT027
5406,OUT035
5407,OUT035
5408,OUT049
5409,OUT027
5410,OUT013
5411,OUT046
5412,OUT049
5413,OUT018
5414,OUT046
5415,OUT018
5416,OUT018
5417,OUT013
5418,OUT013
5419,OUT035
5420,OUT045
5421,OUT017
5422,OUT045
5423,OUT010
5424,OUT046
5425,OUT027
5426,OUT046
5427,OUT010
5428,OUT049
5429,OUT049
5430,OUT049
5431,OUT027
5432,OUT035
5433,OUT046
5434,OUT027
5435,OUT019
5436,OUT035
5437,OUT045
5438,OUT049
5439,OUT018
5440,OUT017
5441,OUT027
5442,OUT010
5443,OUT018
5444,OUT010
5445,OUT046
5446,OUT046
5447,OUT013
5448,OUT035
5449,OUT018
5450,OUT019
5451,OUT049
5452,OUT049
5453,OUT017
5454,OUT027
5455,OUT010
5456,OUT018
5457,OUT018
5458,OUT019
5459,OUT027
5460,OUT017
5461,OUT045
5462,OUT035
5463,OUT049
5464,OUT013
5465,OUT019
5466,OUT045
5467,OUT017
5468,OUT017
5469,OUT010
5470,OUT027
5471,OUT013
5472,OUT049
5473,OUT045
5474,OUT017
5475,OUT019
5476,OUT018
5477,OUT035
5478,OUT019
5479,OUT013
5480,OUT035
5481,OUT018
5482,OUT019
5483,OUT049
5484,OUT046
5485,OUT027
5486,OUT045
5487,OUT018
5488,OUT049
5489,OUT046
5490,OUT010
5491,OUT018
5492,OUT046
5493,OUT010
5494,OUT018
5495,OUT013
5496,OUT045
5497,OUT013
5498,OUT049
5499,OUT019
5500,OUT035
5501,OUT013
5502,OUT035
5503,OUT049
5504,OUT018
5505,OUT046
5506,OUT018
5507,OUT017
5508,OUT017
5509,OUT049
5510,OUT018
5511,OUT035
5512,OUT035
5513,OUT018
5514,OUT010
5515,OUT046
5516,OUT049
5517,OUT027
5518,OUT018
5519,OUT027
5520,OUT035
5521,OUT018
5522,OUT049
5523,OUT049
5524,OUT045
5525,OUT013
5526,OUT027
5527,OUT035
5528,OUT013
5529,OUT018
5530,OUT018
5531,OUT035
5532,OUT027
5533,OUT045
5534,OUT017
5535,OUT018
5536,OUT046
5537,OUT046
5538,OUT045
5539,OUT018
5540,OUT035
5541,OUT017
5542,OUT035
5543,OUT049
5544,OUT013
5545,OUT017
5546,OUT019
5547,OUT046
5548,OUT013
5549,OUT045
5550,OUT035
5551,OUT010
5552,OUT045
5553,OUT049
5554,OUT013
5555,OUT049
5556,OUT049
5557,OUT049
5558,OUT013
5559,OUT013
5560,OUT017
5561,OUT018
5562,OUT013
5563,OUT027
5564,OUT018
5565,OUT046
5566,OUT027
5567,OUT027
5568,OUT013
5569,OUT018
5570,OUT013
5571,OUT010
5572,OUT010
5573,OUT049
5574,OUT017
5575,OUT035
5576,OUT017
5577,OUT046
5578,OUT046
5579,OUT013
5580,OUT010
5581,OUT013
5582,OUT013
5583,OUT019
5584,OUT045
5585,OUT018
5586,OUT049
5587,OUT046
5588,OUT045
5589,OUT018
5590,OUT018
5591,OUT046
5592,OUT049
5593,OUT027
5594,OUT017
5595,OUT046
5596,OUT019
5597,OUT018
5598,OUT046
5599,OUT018
5600,OUT019
5601,OUT013
5602,OUT045
5603,OUT045
5604,OUT013
5605,OUT046
5606,OUT018
5607,OUT017
5608,OUT013
5609,OUT027
5610,OUT046
5611,OUT018
5612,OUT018
5613,OUT017
5614,OUT035
5615,OUT027
5616,OUT018
5617,OUT018
5618,OUT017
5619,OUT046
5620,OUT045
5621,OUT049
5622,OUT018
5623,OUT018
5624,OUT017
5625,OUT027
5626,OUT027
5627,OUT027
5628,OUT013
5629,OUT035
5630,OUT018
5631,OUT045
5632,OUT018
5633,OUT013
5634,OUT027
5635,OUT046
5636,OUT018
5637,OUT046
5638,OUT046
5639,OUT017
5640,OUT027
5641,OUT049
5642,OUT049
5643,OUT019
5644,OUT049
5645,OUT049
5646,OUT049
5647,OUT045
5648,OUT027
5649,OUT045
5650,OUT010
5651,OUT013
5652,OUT045
5653,OUT035
5654,OUT013
5655,OUT027
5656,OUT027
5657,OUT046
5658,OUT013
5659,OUT049
5660,OUT013
5661,OUT027
5662,OUT017
5663,OUT018
5664,OUT018
5665,OUT027
5666,OUT046
5667,OUT046
5668,OUT010
5669,OUT027
5670,OUT017
5671,OUT049
5672,OUT049
5673,OUT018
5674,OUT046
5675,OUT049
5676,OUT046
5677,OUT018
5678,OUT045
5679,OUT017
5680,OUT045
